Workbook
Name companys: Stats!$B$4:$B$15
Name HERO: format!$A$32:$A$37
Name Relic_Names: Stats!$B$74:$B$87
Name Relics: Stats!$B$74:$L$87
Name ROW1_TRAITS: 'exclusion traits'!$N$3:$N$55
Name ROW10_TRAITS: 'exclusion traits'!$ES$3:$ES$56
Name ROW11_TRAITS: 'exclusion traits'!$FH$3:$FH$56
Name ROW2_TRAITS: 'exclusion traits'!$AC$3:$AC$55
Name ROW3_TRAITS: 'exclusion traits'!$AR$3:$AR$55
Name ROW4_TRAITS: 'exclusion traits'!$BG$3:$BG$55
Name ROW5_TRAITS: 'exclusion traits'!$BV$3:$BV$55
Name ROW6_TRAITS: 'exclusion traits'!$CK$3:$CK$55
Name ROW7_TRAITS: 'exclusion traits'!$CZ$3:$CZ$56
Name ROW8_TRAITS: 'exclusion traits'!$DO$3:$DO$56
Name ROW9_TRAITS: 'exclusion traits'!$ED$3:$ED$56
Name sorted: sort!$A$4:$R$30
Name stats: Stats!$B$4:$K$15
Name Strats: Stats!$B$91:$K$98
Name traits: Stats!$B$18:$J$70
Name TRAITS_ROW12: 'exclusion traits'!$FW$3:$FW$56
Name TRAITS_ROW13: 'exclusion traits'!$GL$3:$GL$56
Name TRAITS_ROW14: 'exclusion traits'!$HA$3:$HA$56
Name TRAITS_ROW15: 'exclusion traits'!$HP$3:$HP$56
Name TRAITS_ROW16: 'exclusion traits'!$IE$3:$IE$56
Name TRAITS_ROW17: 'exclusion traits'!$IT$3:$IT$56
Name TRAITS_ROW18: 'exclusion traits'!$JI$3:$JI$56
Name TRAITS_ROW19: 'exclusion traits'!$JX$3:$JX$56
Name TRAITS_ROW20: 'exclusion traits'!$KM$3:$KM$56
Name TRAITS_ROW21: 'exclusion traits'!$LB$3:$LB$56
Name TRAITS_ROW22: 'exclusion traits'!$LQ$3:$LQ$56
Name TRAITS_ROW23: 'exclusion traits'!$MF$3:$MF$56
Name TRAITS_ROW24: 'exclusion traits'!$MU$3:$MU$56
Name TRAITS_ROW25: 'exclusion traits'!$NJ$3:$NJ$56

Sheet Builder
B2: Army name | L2: Strategy 1 | M2: Strategy 2 | N2: Strategy 3 | P2: Points total | R2: =SUM(R5:R28)+SUM(AX3:AX5) -> 0 | AW2: Strategies | AX2: Cost | BC2: 1 | BD2: 9 | BG2: 1 | BH2: 2 | BI2: 3 | BJ2: 4 | BK2: 5 | BL2: 6 | BM2: 7 | BN2: 8 | BO2: 9 | BQ2: 1 | BR2: 2 | BS2: 3 | BT2: 4 | BU2: 5 | BV2: 6 | BW2: 7 | BX2: 8 | BY2: 9 | CA2: 1 | CB2: 2 | CC2: 3 | CD2: 4 | CE2: 5 | CF2: 6 | CG2: 7 | CH2: 8 | CI2: 9 | CK2: 1 | CL2: 2 | CM2: 3 | CN2: 4 | CO2: 5 | CP2: 6 | CQ2: 7 | CR2: 8 | CS2: 9 | CU2: 1 | CV2: 2 | CW2: 3 | CX2: 4 | CY2: 5 | CZ2: 6 | DA2: 7 | DB2: 8 | DC2: 9 | DF2: 1 | DG2: 2 | DH2: 3 | DI2: 4 | DJ2: 5 | DK2: 6 | DL2: 7 | DM2: 8 | DN2: 9
G3: Sht | AD3: company | AE3: trait1 | AF3: trai2 | AG3: trait3 | AH3: sum | AI3: count | AJ3: max | AM3: Calc | AW3: =L3 -> 0 | AX3: =IFERROR(VLOOKUP($AW3,Strats,9,FALSE),0) -> 0 | AY3: =IFERROR(VLOOKUP($AW3,Strats,10,FALSE),0) -> 0 | BC3: Relics | BG3: BASE | BQ3: RACIAL | CA3: trait1 | CK3: trait2 | CU3: trait 3 | DF3: relic
B4: Unit name | C4: Company | D4: Res | E4: Mov | F4: Mel | G4: short | H4: long | I4: Def | J4: Com | K4: Racial | L4: Trait1 | M4: Trait2 | N4: Trait3 | O4: Relic | P4: Cost | Q4: # Bases | R4: Total | U4: Company | AB4: Mage-lord | AC4: =IFERROR(VLOOKUP($AB4,format!$C$5:$Q$30,1,FALSE),0) -> 0 | AD4: =IFERROR(VLOOKUP($AB4,format!$C$5:$Q$30,15,FALSE),0) -> 0 | AH4: =SUM(AD4:AG4) -> 0 | AI4: =COUNTIF(format!$C$5:$C$29,Builder!AB4) -> 0 | AJ4: =IF(AI4>AH4,AI4,AH4) -> 0 | AW4: =M3 -> 0 | AX4: =IFERROR(VLOOKUP($AW4,Strats,9,FALSE),0) -> 0 | AY4: =IFERROR(VLOOKUP($AW4,Strats,10,FALSE),0) -> 0
A5: 1 | D5: =AM7 -> 0 | E5: =AN7 -> 0 | F5: =AO7 -> 0 | G5: =AP7 -> 0 | H5: =AQ7 -> 0 | I5: =AR7 -> 0 | J5: =AS7 -> 0 | P5: =BO7+BY7+CI7+CS7+DC7+BD7 -> 0 | R5: =Q5*P5 -> 0 | U5: =IF(C5=$U$2,0,IFERROR(VLOOKUP($C5,Stats!$B$4:$B$8,1,FALSE),"Company")) -> 0 | V5: =IF(C5=$U$2,0,IFERROR(VLOOKUP(K5,Stats!$B$24:$B$27,1,FALSE),"Company")) -> 0 | W5: =IF(D5=$U$2,0,IFERROR(VLOOKUP(L5,Stats!$B$24:$B$27,1,FALSE),"Company")) -> 0 | X5: =IF(E5=$U$2,0,IFERROR(VLOOKUP(M5,Stats!$B$24:$B$27,1,FALSE),"Company")) -> 0 | Y5: =IF(F5=$U$2,0,IFERROR(VLOOKUP(N5,Stats!$B$24:$B$27,1,FALSE),"Company")) -> 0 | Z5: =COUNTIF(U5:Y5,$U$4) -> 0 | AB5: Warlord | AC5: =IFERROR(VLOOKUP($AB5,format!$C$5:$Q$30,1,FALSE),0) -> 0 | AD5: =IFERROR(VLOOKUP($AB5,format!$C$5:$Q$30,15,FALSE),0) -> 0 | AH5: =SUM(AD5:AG5) -> 0 | AI5: =COUNTIF(format!$C$5:$C$29,Builder!AB5) -> 0 | AJ5: =IF(AI5>AH5,AI5,AH5) -> 0 | AW5: =N3 -> 0 | AX5: =IFERROR(VLOOKUP($AW5,Strats,9,FALSE),0) -> 0 | AY5: =IFERROR(VLOOKUP($AW5,Strats,10,FALSE),0) -> 0
A6: 2 | D6: =AM8 -> 0 | E6: =AN8 -> 0 | F6: =AO8 -> 0 | G6: =AP8 -> 0 | H6: =AQ8 -> 0 | I6: =AR8 -> 0 | J6: =AS8 -> 0 | P6: =BO8+BY8+CI8+CS8+DC8+BD8 -> 0 | R6: =Q6*P6 -> 0 | U6: =IF(C6=$U$2,0,IFERROR(VLOOKUP($C6,Stats!$B$4:$B$8,1,FALSE),"Company")) -> 0 | V6: =IF(C6=$U$2,0,IFERROR(VLOOKUP(K6,Stats!$B$24:$B$27,1,FALSE),"Company")) -> 0 | W6: =IF(D6=$U$2,0,IFERROR(VLOOKUP(L6,Stats!$B$24:$B$27,1,FALSE),"Company")) -> 0 | X6: =IF(E6=$U$2,0,IFERROR(VLOOKUP(M6,Stats!$B$24:$B$27,1,FALSE),"Company")) -> 0 | Y6: =IF(F6=$U$2,0,IFERROR(VLOOKUP(N6,Stats!$B$24:$B$27,1,FALSE),"Company")) -> 0 | Z6: =COUNTIF(U6:Y6,$U$4) -> 0 | AB6: Captain | AC6: =IFERROR(VLOOKUP($AB6,format!$C$5:$Q$30,1,FALSE),0) -> 0 | AD6: =IFERROR(VLOOKUP($AB6,format!$C$5:$Q$30,15,FALSE),0) -> 0 | AH6: =SUM(AD6:AG6) -> 0 | AI6: =COUNTIF(format!$C$5:$C$29,Builder!AB6) -> 0 | AJ6: =IF(AI6>AH6,AI6,AH6) -> 0
A7: 3 | D7: =AM9 -> 0 | E7: =AN9 -> 0 | F7: =AO9 -> 0 | G7: =AP9 -> 0 | H7: =AQ9 -> 0 | I7: =AR9 -> 0 | J7: =AS9 -> 0 | P7: =BO9+BY9+CI9+CS9+DC9+BD9 -> 0 | R7: =Q7*P7 -> 0 | U7: =IF(C7=$U$2,0,IFERROR(VLOOKUP($C7,Stats!$B$4:$B$8,1,FALSE),"Company")) -> 0 | V7: =IF(C7=$U$2,0,IFERROR(VLOOKUP(K7,Stats!$B$24:$B$27,1,FALSE),"Company")) -> 0 | W7: =IF(D7=$U$2,0,IFERROR(VLOOKUP(L7,Stats!$B$24:$B$27,1,FALSE),"Company")) -> 0 | X7: =IF(E7=$U$2,0,IFERROR(VLOOKUP(M7,Stats!$B$24:$B$27,1,FALSE),"Company")) -> 0 | Y7: =IF(F7=$U$2,0,IFERROR(VLOOKUP(N7,Stats!$B$24:$B$27,1,FALSE),"Company")) -> 0 | Z7: =COUNTIF(U7:Y7,$U$4) -> 0 | AB7: Magic-user | AC7: =IFERROR(VLOOKUP($AB7,format!$C$5:$Q$30,1,FALSE),0) -> 0 | AD7: =IFERROR(VLOOKUP($AB7,format!$C$5:$Q$30,15,FALSE),0) -> 0 | AH7: =SUM(AD7:AG7) -> 0 | AI7: =COUNTIF(format!$C$5:$C$29,Builder!AB7) -> 0 | AJ7: =IF(AI7>AH7,AI7,AH7) -> 0 | AM7: =BH7+BR7+CB7+CL7+CV7+DG7 -> 0 | AN7: =BI7+BS7+CC7+CM7+CW7+DH7 -> 0 | AO7: =BJ7+BT7+CD7+CN7+CX7+DI7 -> 0 | AP7: =IF(MAX(BK7,BU7,CE7,CO7,CY7,DJ7)>1,MAX(BK7,BU7,CE7,CO7,CY7,DJ7),BK7+BU7+CE7+CO7+CY7+DJ7) -> 0 | AQ7: =IF(AND(C5="Ordnance battery",(OR(K5="Shooting (mixed)",L5="Shooting (mixed)",M5="Shooting (mixed)",N5="Shooting (mixed)"))),1,IF(MAX(BL7,BV7,CF7,CP7,CZ7,DK7)>1,MAX(BL7,BV7,CF7,CP7,CZ7,DK7),BL7+BV7+CF7+CP7+CZ7+DK7)) -> 0 | AR7: =BM7+BW7+CG7+CQ7+DA7+DL7 -> 0 | AS7: =BN7+BX7+CH7+CR7+DB7+DM7 -> 0 | BC7: =IFERROR(VLOOKUP($O5,Relics,BC$2,FALSE),0) -> 0 | BD7: =IFERROR(VLOOKUP($O5,Relics,BD$2,FALSE),0) -> 0 | BG7: =IFERROR(VLOOKUP($C5,stats,BG$2,FALSE),0) -> 0 | BH7: =IFERROR(VLOOKUP($C5,stats,BH$2,FALSE),0) -> 0 | BI7: =IFERROR(VLOOKUP($C5,stats,BI$2,FALSE),0) -> 0 | BJ7: =IFERROR(VLOOKUP($C5,stats,BJ$2,FALSE),0) -> 0 | BK7: =IFERROR(VLOOKUP($C5,stats,BK$2,FALSE),0) -> 0 | BL7: =IFERROR(VLOOKUP($C5,stats,BL$2,FALSE),0) -> 0 | BM7: =IFERROR(VLOOKUP($C5,stats,BM$2,FALSE),0) -> 0 | BN7: =IFERROR(VLOOKUP($C5,stats,BN$2,FALSE),0) -> 0 | BO7: =IFERROR(VLOOKUP($C5,stats,BO$2,FALSE),0) -> 0 | BQ7: =IFERROR(VLOOKUP($K5,traits,BQ$2,FALSE),0) -> 0 | BR7: =IFERROR(VLOOKUP($K5,traits,BR$2,FALSE),0) -> 0 | BS7: =IFERROR(VLOOKUP($K5,traits,BS$2,FALSE),0) -> 0 | BT7: =IFERROR(VLOOKUP($K5,traits,BT$2,FALSE),0) -> 0 | BU7: =IFERROR(VLOOKUP($K5,traits,BU$2,FALSE),0) -> 0 | BV7: =IFERROR(VLOOKUP($K5,traits,BV$2,FALSE),0) -> 0 | BW7: =IFERROR(VLOOKUP($K5,traits,BW$2,FALSE),0) -> 0 | BX7: =IFERROR(VLOOKUP($K5,traits,BX$2,FALSE),0) -> 0 | BY7: =IFERROR(VLOOKUP($K5,traits,BY$2,FALSE),0) -> 0 | CA7: =IFERROR(VLOOKUP($L5,traits,CA$2,FALSE),0) -> 0 | CB7: =IFERROR(VLOOKUP($L5,traits,CB$2,FALSE),0) -> 0 | CC7: =IFERROR(VLOOKUP($L5,traits,CC$2,FALSE),0) -> 0 | CD7: =IFERROR(VLOOKUP($L5,traits,CD$2,FALSE),0) -> 0 | CE7: =IFERROR(VLOOKUP($L5,traits,CE$2,FALSE),0) -> 0 | CF7: =IFERROR(VLOOKUP($L5,traits,CF$2,FALSE),0) -> 0 | CG7: =IFERROR(VLOOKUP($L5,traits,CG$2,FALSE),0) -> 0 | CH7: =IFERROR(VLOOKUP($L5,traits,CH$2,FALSE),0) -> 0 | CI7: =IFERROR(VLOOKUP($L5,traits,CI$2,FALSE),0) -> 0 | CK7: =IFERROR(VLOOKUP($M5,traits,CK$2,FALSE),0) -> 0 | CL7: =IFERROR(VLOOKUP($M5,traits,CL$2,FALSE),0) -> 0 | CM7: =IFERROR(VLOOKUP($M5,traits,CM$2,FALSE),0) -> 0 | CN7: =IFERROR(VLOOKUP($M5,traits,CN$2,FALSE),0) -> 0 | CO7: =IFERROR(VLOOKUP($M5,traits,CO$2,FALSE),0) -> 0 | CP7: =IFERROR(VLOOKUP($M5,traits,CP$2,FALSE),0) -> 0 | CQ7: =IFERROR(VLOOKUP($M5,traits,CQ$2,FALSE),0) -> 0 | CR7: =IFERROR(VLOOKUP($M5,traits,CR$2,FALSE),0) -> 0 | CS7: =IFERROR(VLOOKUP($M5,traits,CS$2,FALSE),0) -> 0 | CU7: =IFERROR(VLOOKUP($N5,traits,CU$2,FALSE),0) -> 0 | CV7: =IFERROR(VLOOKUP($N5,traits,CV$2,FALSE),0) -> 0 | CW7: =IFERROR(VLOOKUP($N5,traits,CW$2,FALSE),0) -> 0 | CX7: =IFERROR(VLOOKUP($N5,traits,CX$2,FALSE),0) -> 0 | CY7: =IFERROR(VLOOKUP($N5,traits,CY$2,FALSE),0) -> 0 | CZ7: =IFERROR(VLOOKUP($N5,traits,CZ$2,FALSE),0) -> 0 | DA7: =IFERROR(VLOOKUP($N5,traits,DA$2,FALSE),0) -> 0 | DB7: =IFERROR(VLOOKUP($N5,traits,DB$2,FALSE),0) -> 0 | DC7: =IFERROR(VLOOKUP($N5,traits,DC$2,FALSE),0) -> 0 | DF7: =IFERROR(VLOOKUP($O5,Relics,DF$2,FALSE),0) -> 0 | DG7: =IFERROR(VLOOKUP($O5,Relics,DG$2,FALSE),0) -> 0 | DH7: =IFERROR(VLOOKUP($O5,Relics,DH$2,FALSE),0) -> 0 | DI7: =IFERROR(VLOOKUP($O5,Relics,DI$2,FALSE),0) -> 0 | DJ7: =IFERROR(VLOOKUP($O5,Relics,DJ$2,FALSE),0) -> 0 | DK7: =IFERROR(VLOOKUP($O5,Relics,DK$2,FALSE),0) -> 0 | DL7: =IFERROR(VLOOKUP($O5,Relics,DL$2,FALSE),0) -> 0 | DM7: =IFERROR(VLOOKUP($O5,Relics,DM$2,FALSE),0) -> 0 | DN7: =IFERROR(VLOOKUP($O5,Relics,DN$2,FALSE),0) -> 0
A8: 4 | D8: =AM10 -> 0 | E8: =AN10 -> 0 | F8: =AO10 -> 0 | G8: =AP10 -> 0 | H8: =AQ10 -> 0 | I8: =AR10 -> 0 | J8: =AS10 -> 0 | P8: =BO10+BY10+CI10+CS10+DC10+BD10 -> 0 | R8: =Q8*P8 -> 0 | U8: =IF(C8=$U$2,0,IFERROR(VLOOKUP($C8,Stats!$B$4:$B$8,1,FALSE),"Company")) -> 0 | V8: =IF(C8=$U$2,0,IFERROR(VLOOKUP(K8,Stats!$B$24:$B$27,1,FALSE),"Company")) -> 0 | W8: =IF(D8=$U$2,0,IFERROR(VLOOKUP(L8,Stats!$B$24:$B$27,1,FALSE),"Company")) -> 0 | X8: =IF(E8=$U$2,0,IFERROR(VLOOKUP(M8,Stats!$B$24:$B$27,1,FALSE),"Company")) -> 0 | Y8: =IF(F8=$U$2,0,IFERROR(VLOOKUP(N8,Stats!$B$24:$B$27,1,FALSE),"Company")) -> 0 | Z8: =COUNTIF(U8:Y8,$U$4) -> 0 | AB8: Rogue | AC8: =IFERROR(VLOOKUP($AB8,format!$C$5:$Q$30,1,FALSE),0) -> 0 | AD8: =IFERROR(VLOOKUP($AB8,format!$C$5:$Q$30,15,FALSE),0) -> 0 | AH8: =SUM(AD8:AG8) -> 0 | AI8: =COUNTIF(format!$C$5:$C$29,Builder!AB8) -> 0 | AJ8: =IF(AI8>AH8,AI8,AH8) -> 0 | AM8: =BH8+BR8+CB8+CL8+CV8+DG8 -> 0 | AN8: =BI8+BS8+CC8+CM8+CW8+DH8 -> 0 | AO8: =BJ8+BT8+CD8+CN8+CX8+DI8 -> 0 | AP8: =IF(MAX(BK8,BU8,CE8,CO8,CY8,DJ8)>1,MAX(BK8,BU8,CE8,CO8,CY8,DJ8),BK8+BU8+CE8+CO8+CY8+DJ8) -> 0 | AQ8: =IF(AND(C6="Ordnance battery",(OR(K6="Shooting (mixed)",L6="Shooting (mixed)",M6="Shooting (mixed)",N6="Shooting (mixed)"))),1,IF(MAX(BL8,BV8,CF8,CP8,CZ8,DK8)>1,MAX(BL8,BV8,CF8,CP8,CZ8,DK8),BL8+BV8+CF8+CP8+CZ8+DK8)) -> 0 | AR8: =BM8+BW8+CG8+CQ8+DA8+DL8 -> 0 | AS8: =BN8+BX8+CH8+CR8+DB8+DM8 -> 0 | BC8: =IFERROR(VLOOKUP($O6,Relics,BC$2,FALSE),0) -> 0 | BD8: =IFERROR(VLOOKUP($O6,Relics,BD$2,FALSE),0) -> 0 | BG8: =IFERROR(VLOOKUP($C6,stats,BG$2,FALSE),0) -> 0 | BH8: =IFERROR(VLOOKUP($C6,stats,BH$2,FALSE),0) -> 0 | BI8: =IFERROR(VLOOKUP($C6,stats,BI$2,FALSE),0) -> 0 | BJ8: =IFERROR(VLOOKUP($C6,stats,BJ$2,FALSE),0) -> 0 | BK8: =IFERROR(VLOOKUP($C6,stats,BK$2,FALSE),0) -> 0 | BL8: =IFERROR(VLOOKUP($C6,stats,BL$2,FALSE),0) -> 0 | BM8: =IFERROR(VLOOKUP($C6,stats,BM$2,FALSE),0) -> 0 | BN8: =IFERROR(VLOOKUP($C6,stats,BN$2,FALSE),0) -> 0 | BO8: =IFERROR(VLOOKUP($C6,stats,BO$2,FALSE),0) -> 0 | BQ8: =IFERROR(VLOOKUP($K6,traits,BQ$2,FALSE),0) -> 0 | BR8: =IFERROR(VLOOKUP($K6,traits,BR$2,FALSE),0) -> 0 | BS8: =IFERROR(VLOOKUP($K6,traits,BS$2,FALSE),0) -> 0 | BT8: =IFERROR(VLOOKUP($K6,traits,BT$2,FALSE),0) -> 0 | BU8: =IFERROR(VLOOKUP($K6,traits,BU$2,FALSE),0) -> 0 | BV8: =IFERROR(VLOOKUP($K6,traits,BV$2,FALSE),0) -> 0 | BW8: =IFERROR(VLOOKUP($K6,traits,BW$2,FALSE),0) -> 0 | BX8: =IFERROR(VLOOKUP($K6,traits,BX$2,FALSE),0) -> 0 | BY8: =IFERROR(VLOOKUP($K6,traits,BY$2,FALSE),0) -> 0 | CA8: =IFERROR(VLOOKUP($L6,traits,CA$2,FALSE),0) -> 0 | CB8: =IFERROR(VLOOKUP($L6,traits,CB$2,FALSE),0) -> 0 | CC8: =IFERROR(VLOOKUP($L6,traits,CC$2,FALSE),0) -> 0 | CD8: =IFERROR(VLOOKUP($L6,traits,CD$2,FALSE),0) -> 0 | CE8: =IFERROR(VLOOKUP($L6,traits,CE$2,FALSE),0) -> 0 | CF8: =IFERROR(VLOOKUP($L6,traits,CF$2,FALSE),0) -> 0 | CG8: =IFERROR(VLOOKUP($L6,traits,CG$2,FALSE),0) -> 0 | CH8: =IFERROR(VLOOKUP($L6,traits,CH$2,FALSE),0) -> 0 | CI8: =IFERROR(VLOOKUP($L6,traits,CI$2,FALSE),0) -> 0 | CK8: =IFERROR(VLOOKUP($M6,traits,CK$2,FALSE),0) -> 0 | CL8: =IFERROR(VLOOKUP($M6,traits,CL$2,FALSE),0) -> 0 | CM8: =IFERROR(VLOOKUP($M6,traits,CM$2,FALSE),0) -> 0 | CN8: =IFERROR(VLOOKUP($M6,traits,CN$2,FALSE),0) -> 0 | CO8: =IFERROR(VLOOKUP($M6,traits,CO$2,FALSE),0) -> 0 | CP8: =IFERROR(VLOOKUP($M6,traits,CP$2,FALSE),0) -> 0 | CQ8: =IFERROR(VLOOKUP($M6,traits,CQ$2,FALSE),0) -> 0 | CR8: =IFERROR(VLOOKUP($M6,traits,CR$2,FALSE),0) -> 0 | CS8: =IFERROR(VLOOKUP($M6,traits,CS$2,FALSE),0) -> 0 | CU8: =IFERROR(VLOOKUP($N6,traits,CU$2,FALSE),0) -> 0 | CV8: =IFERROR(VLOOKUP($N6,traits,CV$2,FALSE),0) -> 0 | CW8: =IFERROR(VLOOKUP($N6,traits,CW$2,FALSE),0) -> 0 | CX8: =IFERROR(VLOOKUP($N6,traits,CX$2,FALSE),0) -> 0 | CY8: =IFERROR(VLOOKUP($N6,traits,CY$2,FALSE),0) -> 0 | CZ8: =IFERROR(VLOOKUP($N6,traits,CZ$2,FALSE),0) -> 0 | DA8: =IFERROR(VLOOKUP($N6,traits,DA$2,FALSE),0) -> 0 | DB8: =IFERROR(VLOOKUP($N6,traits,DB$2,FALSE),0) -> 0 | DC8: =IFERROR(VLOOKUP($N6,traits,DC$2,FALSE),0) -> 0 | DF8: =IFERROR(VLOOKUP($O6,Relics,DF$2,FALSE),0) -> 0 | DG8: =IFERROR(VLOOKUP($O6,Relics,DG$2,FALSE),0) -> 0 | DH8: =IFERROR(VLOOKUP($O6,Relics,DH$2,FALSE),0) -> 0 | DI8: =IFERROR(VLOOKUP($O6,Relics,DI$2,FALSE),0) -> 0 | DJ8: =IFERROR(VLOOKUP($O6,Relics,DJ$2,FALSE),0) -> 0 | DK8: =IFERROR(VLOOKUP($O6,Relics,DK$2,FALSE),0) -> 0 | DL8: =IFERROR(VLOOKUP($O6,Relics,DL$2,FALSE),0) -> 0 | DM8: =IFERROR(VLOOKUP($O6,Relics,DM$2,FALSE),0) -> 0 | DN8: =IFERROR(VLOOKUP($O6,Relics,DN$2,FALSE),0) -> 0
A9: 5 | D9: =AM11 -> 0 | E9: =AN11 -> 0 | F9: =AO11 -> 0 | G9: =AP11 -> 0 | H9: =AQ11 -> 0 | I9: =AR11 -> 0 | J9: =AS11 -> 0 | P9: =BO11+BY11+CI11+CS11+DC11+BD11 -> 0 | R9: =Q9*P9 -> 0 | U9: =IF(C9=$U$2,0,IFERROR(VLOOKUP($C9,Stats!$B$4:$B$8,1,FALSE),"Company")) -> 0 | V9: =IF(C9=$U$2,0,IFERROR(VLOOKUP(K9,Stats!$B$24:$B$27,1,FALSE),"Company")) -> 0 | W9: =IF(D9=$U$2,0,IFERROR(VLOOKUP(L9,Stats!$B$24:$B$27,1,FALSE),"Company")) -> 0 | X9: =IF(E9=$U$2,0,IFERROR(VLOOKUP(M9,Stats!$B$24:$B$27,1,FALSE),"Company")) -> 0 | Y9: =IF(F9=$U$2,0,IFERROR(VLOOKUP(N9,Stats!$B$24:$B$27,1,FALSE),"Company")) -> 0 | Z9: =COUNTIF(U9:Y9,$U$4) -> 0 | AB9: Character (Warlord) | AC9: =IFERROR(VLOOKUP($AB9,format!$C$5:$Q$30,1,FALSE),0) -> 0 | AD9: =IFERROR(VLOOKUP($AB9,format!$C$5:$Q$30,15,FALSE),0) -> 0 | AE9: =IFERROR(VLOOKUP($AB9,format!$L$5:$Q$30,6,FALSE),0) -> 0 | AF9: =IFERROR(VLOOKUP($AB9,format!$M$5:$Q$30,5,FALSE),0) -> 0 | AG9: =IFERROR(VLOOKUP($AB9,format!$N$5:$Q$30,4,FALSE),0) -> 0 | AH9: =SUM(AD9:AG9) -> 0 | AI9: =COUNTIF(format!$L$5:$N$30,Builder!AB9) -> 0 | AJ9: =IF(AI9>AH9,AI9,AH9) -> 0 | AM9: =BH9+BR9+CB9+CL9+CV9+DG9 -> 0 | AN9: =BI9+BS9+CC9+CM9+CW9+DH9 -> 0 | AO9: =BJ9+BT9+CD9+CN9+CX9+DI9 -> 0 | AP9: =IF(MAX(BK9,BU9,CE9,CO9,CY9,DJ9)>1,MAX(BK9,BU9,CE9,CO9,CY9,DJ9),BK9+BU9+CE9+CO9+CY9+DJ9) -> 0 | AQ9: =IF(AND(C7="Ordnance battery",(OR(K7="Shooting (mixed)",L7="Shooting (mixed)",M7="Shooting (mixed)",N7="Shooting (mixed)"))),1,IF(MAX(BL9,BV9,CF9,CP9,CZ9,DK9)>1,MAX(BL9,BV9,CF9,CP9,CZ9,DK9),BL9+BV9+CF9+CP9+CZ9+DK9)) -> 0 | AR9: =BM9+BW9+CG9+CQ9+DA9+DL9 -> 0 | AS9: =BN9+BX9+CH9+CR9+DB9+DM9 -> 0 | BC9: =IFERROR(VLOOKUP($O7,Relics,BC$2,FALSE),0) -> 0 | BD9: =IFERROR(VLOOKUP($O7,Relics,BD$2,FALSE),0) -> 0 | BG9: =IFERROR(VLOOKUP($C7,stats,BG$2,FALSE),0) -> 0 | BH9: =IFERROR(VLOOKUP($C7,stats,BH$2,FALSE),0) -> 0 | BI9: =IFERROR(VLOOKUP($C7,stats,BI$2,FALSE),0) -> 0 | BJ9: =IFERROR(VLOOKUP($C7,stats,BJ$2,FALSE),0) -> 0 | BK9: =IFERROR(VLOOKUP($C7,stats,BK$2,FALSE),0) -> 0 | BL9: =IFERROR(VLOOKUP($C7,stats,BL$2,FALSE),0) -> 0 | BM9: =IFERROR(VLOOKUP($C7,stats,BM$2,FALSE),0) -> 0 | BN9: =IFERROR(VLOOKUP($C7,stats,BN$2,FALSE),0) -> 0 | BO9: =IFERROR(VLOOKUP($C7,stats,BO$2,FALSE),0) -> 0 | BQ9: =IFERROR(VLOOKUP($K7,traits,BQ$2,FALSE),0) -> 0 | BR9: =IFERROR(VLOOKUP($K7,traits,BR$2,FALSE),0) -> 0 | BS9: =IFERROR(VLOOKUP($K7,traits,BS$2,FALSE),0) -> 0 | BT9: =IFERROR(VLOOKUP($K7,traits,BT$2,FALSE),0) -> 0 | BU9: =IFERROR(VLOOKUP($K7,traits,BU$2,FALSE),0) -> 0 | BV9: =IFERROR(VLOOKUP($K7,traits,BV$2,FALSE),0) -> 0 | BW9: =IFERROR(VLOOKUP($K7,traits,BW$2,FALSE),0) -> 0 | BX9: =IFERROR(VLOOKUP($K7,traits,BX$2,FALSE),0) -> 0 | BY9: =IFERROR(VLOOKUP($K7,traits,BY$2,FALSE),0) -> 0 | CA9: =IFERROR(VLOOKUP($L7,traits,CA$2,FALSE),0) -> 0 | CB9: =IFERROR(VLOOKUP($L7,traits,CB$2,FALSE),0) -> 0 | CC9: =IFERROR(VLOOKUP($L7,traits,CC$2,FALSE),0) -> 0 | CD9: =IFERROR(VLOOKUP($L7,traits,CD$2,FALSE),0) -> 0 | CE9: =IFERROR(VLOOKUP($L7,traits,CE$2,FALSE),0) -> 0 | CF9: =IFERROR(VLOOKUP($L7,traits,CF$2,FALSE),0) -> 0 | CG9: =IFERROR(VLOOKUP($L7,traits,CG$2,FALSE),0) -> 0 | CH9: =IFERROR(VLOOKUP($L7,traits,CH$2,FALSE),0) -> 0 | CI9: =IFERROR(VLOOKUP($L7,traits,CI$2,FALSE),0) -> 0 | CK9: =IFERROR(VLOOKUP($M7,traits,CK$2,FALSE),0) -> 0 | CL9: =IFERROR(VLOOKUP($M7,traits,CL$2,FALSE),0) -> 0 | CM9: =IFERROR(VLOOKUP($M7,traits,CM$2,FALSE),0) -> 0 | CN9: =IFERROR(VLOOKUP($M7,traits,CN$2,FALSE),0) -> 0 | CO9: =IFERROR(VLOOKUP($M7,traits,CO$2,FALSE),0) -> 0 | CP9: =IFERROR(VLOOKUP($M7,traits,CP$2,FALSE),0) -> 0 | CQ9: =IFERROR(VLOOKUP($M7,traits,CQ$2,FALSE),0) -> 0 | CR9: =IFERROR(VLOOKUP($M7,traits,CR$2,FALSE),0) -> 0 | CS9: =IFERROR(VLOOKUP($M7,traits,CS$2,FALSE),0) -> 0 | CU9: =IFERROR(VLOOKUP($N7,traits,CU$2,FALSE),0) -> 0 | CV9: =IFERROR(VLOOKUP($N7,traits,CV$2,FALSE),0) -> 0 | CW9: =IFERROR(VLOOKUP($N7,traits,CW$2,FALSE),0) -> 0 | CX9: =IFERROR(VLOOKUP($N7,traits,CX$2,FALSE),0) -> 0 | CY9: =IFERROR(VLOOKUP($N7,traits,CY$2,FALSE),0) -> 0 | CZ9: =IFERROR(VLOOKUP($N7,traits,CZ$2,FALSE),0) -> 0 | DA9: =IFERROR(VLOOKUP($N7,traits,DA$2,FALSE),0) -> 0 | DB9: =IFERROR(VLOOKUP($N7,traits,DB$2,FALSE),0) -> 0 | DC9: =IFERROR(VLOOKUP($N7,traits,DC$2,FALSE),0) -> 0 | DF9: =IFERROR(VLOOKUP($O7,Relics,DF$2,FALSE),0) -> 0 | DG9: =IFERROR(VLOOKUP($O7,Relics,DG$2,FALSE),0) -> 0 | DH9: =IFERROR(VLOOKUP($O7,Relics,DH$2,FALSE),0) -> 0 | DI9: =IFERROR(VLOOKUP($O7,Relics,DI$2,FALSE),0) -> 0 | DJ9: =IFERROR(VLOOKUP($O7,Relics,DJ$2,FALSE),0) -> 0 | DK9: =IFERROR(VLOOKUP($O7,Relics,DK$2,FALSE),0) -> 0 | DL9: =IFERROR(VLOOKUP($O7,Relics,DL$2,FALSE),0) -> 0 | DM9: =IFERROR(VLOOKUP($O7,Relics,DM$2,FALSE),0) -> 0 | DN9: =IFERROR(VLOOKUP($O7,Relics,DN$2,FALSE),0) -> 0
A10: 6 | D10: =AM12 -> 0 | E10: =AN12 -> 0 | F10: =AO12 -> 0 | G10: =AP12 -> 0 | H10: =AQ12 -> 0 | I10: =AR12 -> 0 | J10: =AS12 -> 0 | P10: =BO12+BY12+CI12+CS12+DC12+BD12 -> 0 | R10: =Q10*P10 -> 0 | U10: =IF(C10=$U$2,0,IFERROR(VLOOKUP($C10,Stats!$B$4:$B$8,1,FALSE),"Company")) -> 0 | V10: =IF(C10=$U$2,0,IFERROR(VLOOKUP(K10,Stats!$B$24:$B$27,1,FALSE),"Company")) -> 0 | W10: =IF(D10=$U$2,0,IFERROR(VLOOKUP(L10,Stats!$B$24:$B$27,1,FALSE),"Company")) -> 0 | X10: =IF(E10=$U$2,0,IFERROR(VLOOKUP(M10,Stats!$B$24:$B$27,1,FALSE),"Company")) -> 0 | Y10: =IF(F10=$U$2,0,IFERROR(VLOOKUP(N10,Stats!$B$24:$B$27,1,FALSE),"Company")) -> 0 | Z10: =COUNTIF(U10:Y10,$U$4) -> 0 | AB10: Character (Mage-lord) | AC10: =IFERROR(VLOOKUP($AB10,format!$C$5:$Q$30,1,FALSE),0) -> 0 | AD10: =IFERROR(VLOOKUP($AB10,format!$C$5:$Q$30,15,FALSE),0) -> 0 | AE10: =IFERROR(VLOOKUP($AB10,format!$L$5:$Q$30,6,FALSE),0) -> 0 | AF10: =IFERROR(VLOOKUP($AB10,format!$M$5:$Q$30,5,FALSE),0) -> 0 | AG10: =IFERROR(VLOOKUP($AB10,$N$5:$Q$29,4,FALSE),0) -> 0 | AH10: =SUM(AD10:AG10) -> 0 | AI10: =COUNTIF(format!$L$5:$N$30,Builder!AB10) -> 0 | AJ10: =IF(AI10>AH10,AI10,AH10) -> 0 | AM10: =BH10+BR10+CB10+CL10+CV10+DG10 -> 0 | AN10: =BI10+BS10+CC10+CM10+CW10+DH10 -> 0 | AO10: =BJ10+BT10+CD10+CN10+CX10+DI10 -> 0 | AP10: =IF(MAX(BK10,BU10,CE10,CO10,CY10,DJ10)>1,MAX(BK10,BU10,CE10,CO10,CY10,DJ10),BK10+BU10+CE10+CO10+CY10+DJ10) -> 0 | AQ10: =IF(AND(C8="Ordnance battery",(OR(K8="Shooting (mixed)",L8="Shooting (mixed)",M8="Shooting (mixed)",N8="Shooting (mixed)"))),1,IF(MAX(BL10,BV10,CF10,CP10,CZ10,DK10)>1,MAX(BL10,BV10,CF10,CP10,CZ10,DK10),BL10+BV10+CF10+CP10+CZ10+DK10)) -> 0 | AR10: =BM10+BW10+CG10+CQ10+DA10+DL10 -> 0 | AS10: =BN10+BX10+CH10+CR10+DB10+DM10 -> 0 | BC10: =IFERROR(VLOOKUP($O8,Relics,BC$2,FALSE),0) -> 0 | BD10: =IFERROR(VLOOKUP($O8,Relics,BD$2,FALSE),0) -> 0 | BG10: =IFERROR(VLOOKUP($C8,stats,BG$2,FALSE),0) -> 0 | BH10: =IFERROR(VLOOKUP($C8,stats,BH$2,FALSE),0) -> 0 | BI10: =IFERROR(VLOOKUP($C8,stats,BI$2,FALSE),0) -> 0 | BJ10: =IFERROR(VLOOKUP($C8,stats,BJ$2,FALSE),0) -> 0 | BK10: =IFERROR(VLOOKUP($C8,stats,BK$2,FALSE),0) -> 0 | BL10: =IFERROR(VLOOKUP($C8,stats,BL$2,FALSE),0) -> 0 | BM10: =IFERROR(VLOOKUP($C8,stats,BM$2,FALSE),0) -> 0 | BN10: =IFERROR(VLOOKUP($C8,stats,BN$2,FALSE),0) -> 0 | BO10: =IFERROR(VLOOKUP($C8,stats,BO$2,FALSE),0) -> 0 | BQ10: =IFERROR(VLOOKUP($K8,traits,BQ$2,FALSE),0) -> 0 | BR10: =IFERROR(VLOOKUP($K8,traits,BR$2,FALSE),0) -> 0 | BS10: =IFERROR(VLOOKUP($K8,traits,BS$2,FALSE),0) -> 0 | BT10: =IFERROR(VLOOKUP($K8,traits,BT$2,FALSE),0) -> 0 | BU10: =IFERROR(VLOOKUP($K8,traits,BU$2,FALSE),0) -> 0 | BV10: =IFERROR(VLOOKUP($K8,traits,BV$2,FALSE),0) -> 0 | BW10: =IFERROR(VLOOKUP($K8,traits,BW$2,FALSE),0) -> 0 | BX10: =IFERROR(VLOOKUP($K8,traits,BX$2,FALSE),0) -> 0 | BY10: =IFERROR(VLOOKUP($K8,traits,BY$2,FALSE),0) -> 0 | CA10: =IFERROR(VLOOKUP($L8,traits,CA$2,FALSE),0) -> 0 | CB10: =IFERROR(VLOOKUP($L8,traits,CB$2,FALSE),0) -> 0 | CC10: =IFERROR(VLOOKUP($L8,traits,CC$2,FALSE),0) -> 0 | CD10: =IFERROR(VLOOKUP($L8,traits,CD$2,FALSE),0) -> 0 | CE10: =IFERROR(VLOOKUP($L8,traits,CE$2,FALSE),0) -> 0 | CF10: =IFERROR(VLOOKUP($L8,traits,CF$2,FALSE),0) -> 0 | CG10: =IFERROR(VLOOKUP($L8,traits,CG$2,FALSE),0) -> 0 | CH10: =IFERROR(VLOOKUP($L8,traits,CH$2,FALSE),0) -> 0 | CI10: =IFERROR(VLOOKUP($L8,traits,CI$2,FALSE),0) -> 0 | CK10: =IFERROR(VLOOKUP($M8,traits,CK$2,FALSE),0) -> 0 | CL10: =IFERROR(VLOOKUP($M8,traits,CL$2,FALSE),0) -> 0 | CM10: =IFERROR(VLOOKUP($M8,traits,CM$2,FALSE),0) -> 0 | CN10: =IFERROR(VLOOKUP($M8,traits,CN$2,FALSE),0) -> 0 | CO10: =IFERROR(VLOOKUP($M8,traits,CO$2,FALSE),0) -> 0 | CP10: =IFERROR(VLOOKUP($M8,traits,CP$2,FALSE),0) -> 0 | CQ10: =IFERROR(VLOOKUP($M8,traits,CQ$2,FALSE),0) -> 0 | CR10: =IFERROR(VLOOKUP($M8,traits,CR$2,FALSE),0) -> 0 | CS10: =IFERROR(VLOOKUP($M8,traits,CS$2,FALSE),0) -> 0 | CU10: =IFERROR(VLOOKUP($N8,traits,CU$2,FALSE),0) -> 0 | CV10: =IFERROR(VLOOKUP($N8,traits,CV$2,FALSE),0) -> 0 | CW10: =IFERROR(VLOOKUP($N8,traits,CW$2,FALSE),0) -> 0 | CX10: =IFERROR(VLOOKUP($N8,traits,CX$2,FALSE),0) -> 0 | CY10: =IFERROR(VLOOKUP($N8,traits,CY$2,FALSE),0) -> 0 | CZ10: =IFERROR(VLOOKUP($N8,traits,CZ$2,FALSE),0) -> 0 | DA10: =IFERROR(VLOOKUP($N8,traits,DA$2,FALSE),0) -> 0 | DB10: =IFERROR(VLOOKUP($N8,traits,DB$2,FALSE),0) -> 0 | DC10: =IFERROR(VLOOKUP($N8,traits,DC$2,FALSE),0) -> 0 | DF10: =IFERROR(VLOOKUP($O8,Relics,DF$2,FALSE),0) -> 0 | DG10: =IFERROR(VLOOKUP($O8,Relics,DG$2,FALSE),0) -> 0 | DH10: =IFERROR(VLOOKUP($O8,Relics,DH$2,FALSE),0) -> 0 | DI10: =IFERROR(VLOOKUP($O8,Relics,DI$2,FALSE),0) -> 0 | DJ10: =IFERROR(VLOOKUP($O8,Relics,DJ$2,FALSE),0) -> 0 | DK10: =IFERROR(VLOOKUP($O8,Relics,DK$2,FALSE),0) -> 0 | DL10: =IFERROR(VLOOKUP($O8,Relics,DL$2,FALSE),0) -> 0 | DM10: =IFERROR(VLOOKUP($O8,Relics,DM$2,FALSE),0) -> 0 | DN10: =IFERROR(VLOOKUP($O8,Relics,DN$2,FALSE),0) -> 0
A11: 7 | D11: =AM13 -> 0 | E11: =AN13 -> 0 | F11: =AO13 -> 0 | G11: =AP13 -> 0 | H11: =AQ13 -> 0 | I11: =AR13 -> 0 | J11: =AS13 -> 0 | P11: =BO13+BY13+CI13+CS13+DC13+BD13 -> 0 | R11: =Q11*P11 -> 0 | U11: =IF(C11=$U$2,0,IFERROR(VLOOKUP($C11,Stats!$B$4:$B$8,1,FALSE),"Company")) -> 0 | V11: =IF(C11=$U$2,0,IFERROR(VLOOKUP(K11,Stats!$B$24:$B$27,1,FALSE),"Company")) -> 0 | W11: =IF(D11=$U$2,0,IFERROR(VLOOKUP(L11,Stats!$B$24:$B$27,1,FALSE),"Company")) -> 0 | X11: =IF(E11=$U$2,0,IFERROR(VLOOKUP(M11,Stats!$B$24:$B$27,1,FALSE),"Company")) -> 0 | Y11: =IF(F11=$U$2,0,IFERROR(VLOOKUP(N11,Stats!$B$24:$B$27,1,FALSE),"Company")) -> 0 | Z11: =COUNTIF(U11:Y11,$U$4) -> 0 | AB11: Character (Captain) | AC11: =IFERROR(VLOOKUP($AB11,format!$C$5:$Q$30,1,FALSE),0) -> 0 | AD11: =IFERROR(VLOOKUP($AB11,format!$C$5:$Q$30,15,FALSE),0) -> 0 | AE11: =IFERROR(VLOOKUP($AB11,format!$L$5:$Q$30,6,FALSE),0) -> 0 | AF11: =IFERROR(VLOOKUP($AB11,format!$M$5:$Q$30,5,FALSE),0) -> 0 | AG11: =IFERROR(VLOOKUP($AB11,$N$5:$Q$29,4,FALSE),0) -> 0 | AH11: =SUM(AD11:AG11) -> 0 | AI11: =COUNTIF(format!$L$5:$N$30,Builder!AB11) -> 0 | AJ11: =IF(AI11>AH11,AI11,AH11) -> 0 | AM11: =BH11+BR11+CB11+CL11+CV11+DG11 -> 0 | AN11: =BI11+BS11+CC11+CM11+CW11+DH11 -> 0 | AO11: =BJ11+BT11+CD11+CN11+CX11+DI11 -> 0 | AP11: =IF(MAX(BK11,BU11,CE11,CO11,CY11,DJ11)>1,MAX(BK11,BU11,CE11,CO11,CY11,DJ11),BK11+BU11+CE11+CO11+CY11+DJ11) -> 0 | AQ11: =IF(AND(C9="Ordnance battery",(OR(K9="Shooting (mixed)",L9="Shooting (mixed)",M9="Shooting (mixed)",N9="Shooting (mixed)"))),1,IF(MAX(BL11,BV11,CF11,CP11,CZ11,DK11)>1,MAX(BL11,BV11,CF11,CP11,CZ11,DK11),BL11+BV11+CF11+CP11+CZ11+DK11)) -> 0 | AR11: =BM11+BW11+CG11+CQ11+DA11+DL11 -> 0 | AS11: =BN11+BX11+CH11+CR11+DB11+DM11 -> 0 | BC11: =IFERROR(VLOOKUP($O9,Relics,BC$2,FALSE),0) -> 0 | BD11: =IFERROR(VLOOKUP($O9,Relics,BD$2,FALSE),0) -> 0 | BG11: =IFERROR(VLOOKUP($C9,stats,BG$2,FALSE),0) -> 0 | BH11: =IFERROR(VLOOKUP($C9,stats,BH$2,FALSE),0) -> 0 | BI11: =IFERROR(VLOOKUP($C9,stats,BI$2,FALSE),0) -> 0 | BJ11: =IFERROR(VLOOKUP($C9,stats,BJ$2,FALSE),0) -> 0 | BK11: =IFERROR(VLOOKUP($C9,stats,BK$2,FALSE),0) -> 0 | BL11: =IFERROR(VLOOKUP($C9,stats,BL$2,FALSE),0) -> 0 | BM11: =IFERROR(VLOOKUP($C9,stats,BM$2,FALSE),0) -> 0 | BN11: =IFERROR(VLOOKUP($C9,stats,BN$2,FALSE),0) -> 0 | BO11: =IFERROR(VLOOKUP($C9,stats,BO$2,FALSE),0) -> 0 | BQ11: =IFERROR(VLOOKUP($K9,traits,BQ$2,FALSE),0) -> 0 | BR11: =IFERROR(VLOOKUP($K9,traits,BR$2,FALSE),0) -> 0 | BS11: =IFERROR(VLOOKUP($K9,traits,BS$2,FALSE),0) -> 0 | BT11: =IFERROR(VLOOKUP($K9,traits,BT$2,FALSE),0) -> 0 | BU11: =IFERROR(VLOOKUP($K9,traits,BU$2,FALSE),0) -> 0 | BV11: =IFERROR(VLOOKUP($K9,traits,BV$2,FALSE),0) -> 0 | BW11: =IFERROR(VLOOKUP($K9,traits,BW$2,FALSE),0) -> 0 | BX11: =IFERROR(VLOOKUP($K9,traits,BX$2,FALSE),0) -> 0 | BY11: =IFERROR(VLOOKUP($K9,traits,BY$2,FALSE),0) -> 0 | CA11: =IFERROR(VLOOKUP($L9,traits,CA$2,FALSE),0) -> 0 | CB11: =IFERROR(VLOOKUP($L9,traits,CB$2,FALSE),0) -> 0 | CC11: =IFERROR(VLOOKUP($L9,traits,CC$2,FALSE),0) -> 0 | CD11: =IFERROR(VLOOKUP($L9,traits,CD$2,FALSE),0) -> 0 | CE11: =IFERROR(VLOOKUP($L9,traits,CE$2,FALSE),0) -> 0 | CF11: =IFERROR(VLOOKUP($L9,traits,CF$2,FALSE),0) -> 0 | CG11: =IFERROR(VLOOKUP($L9,traits,CG$2,FALSE),0) -> 0 | CH11: =IFERROR(VLOOKUP($L9,traits,CH$2,FALSE),0) -> 0 | CI11: =IFERROR(VLOOKUP($L9,traits,CI$2,FALSE),0) -> 0 | CK11: =IFERROR(VLOOKUP($M9,traits,CK$2,FALSE),0) -> 0 | CL11: =IFERROR(VLOOKUP($M9,traits,CL$2,FALSE),0) -> 0 | CM11: =IFERROR(VLOOKUP($M9,traits,CM$2,FALSE),0) -> 0 | CN11: =IFERROR(VLOOKUP($M9,traits,CN$2,FALSE),0) -> 0 | CO11: =IFERROR(VLOOKUP($M9,traits,CO$2,FALSE),0) -> 0 | CP11: =IFERROR(VLOOKUP($M9,traits,CP$2,FALSE),0) -> 0 | CQ11: =IFERROR(VLOOKUP($M9,traits,CQ$2,FALSE),0) -> 0 | CR11: =IFERROR(VLOOKUP($M9,traits,CR$2,FALSE),0) -> 0 | CS11: =IFERROR(VLOOKUP($M9,traits,CS$2,FALSE),0) -> 0 | CU11: =IFERROR(VLOOKUP($N9,traits,CU$2,FALSE),0) -> 0 | CV11: =IFERROR(VLOOKUP($N9,traits,CV$2,FALSE),0) -> 0 | CW11: =IFERROR(VLOOKUP($N9,traits,CW$2,FALSE),0) -> 0 | CX11: =IFERROR(VLOOKUP($N9,traits,CX$2,FALSE),0) -> 0 | CY11: =IFERROR(VLOOKUP($N9,traits,CY$2,FALSE),0) -> 0 | CZ11: =IFERROR(VLOOKUP($N9,traits,CZ$2,FALSE),0) -> 0 | DA11: =IFERROR(VLOOKUP($N9,traits,DA$2,FALSE),0) -> 0 | DB11: =IFERROR(VLOOKUP($N9,traits,DB$2,FALSE),0) -> 0 | DC11: =IFERROR(VLOOKUP($N9,traits,DC$2,FALSE),0) -> 0 | DF11: =IFERROR(VLOOKUP($O9,Relics,DF$2,FALSE),0) -> 0 | DG11: =IFERROR(VLOOKUP($O9,Relics,DG$2,FALSE),0) -> 0 | DH11: =IFERROR(VLOOKUP($O9,Relics,DH$2,FALSE),0) -> 0 | DI11: =IFERROR(VLOOKUP($O9,Relics,DI$2,FALSE),0) -> 0 | DJ11: =IFERROR(VLOOKUP($O9,Relics,DJ$2,FALSE),0) -> 0 | DK11: =IFERROR(VLOOKUP($O9,Relics,DK$2,FALSE),0) -> 0 | DL11: =IFERROR(VLOOKUP($O9,Relics,DL$2,FALSE),0) -> 0 | DM11: =IFERROR(VLOOKUP($O9,Relics,DM$2,FALSE),0) -> 0 | DN11: =IFERROR(VLOOKUP($O9,Relics,DN$2,FALSE),0) -> 0
A12: 8 | D12: =AM14 -> 0 | E12: =AN14 -> 0 | F12: =AO14 -> 0 | G12: =AP14 -> 0 | H12: =AQ14 -> 0 | I12: =AR14 -> 0 | J12: =AS14 -> 0 | P12: =BO14+BY14+CI14+CS14+DC14+BD14 -> 0 | R12: =Q12*P12 -> 0 | U12: =IF(C12=$U$2,0,IFERROR(VLOOKUP($C12,Stats!$B$4:$B$8,1,FALSE),"Company")) -> 0 | V12: =IF(C12=$U$2,0,IFERROR(VLOOKUP(K12,Stats!$B$24:$B$27,1,FALSE),"Company")) -> 0 | W12: =IF(D12=$U$2,0,IFERROR(VLOOKUP(L12,Stats!$B$24:$B$27,1,FALSE),"Company")) -> 0 | X12: =IF(E12=$U$2,0,IFERROR(VLOOKUP(M12,Stats!$B$24:$B$27,1,FALSE),"Company")) -> 0 | Y12: =IF(F12=$U$2,0,IFERROR(VLOOKUP(N12,Stats!$B$24:$B$27,1,FALSE),"Company")) -> 0 | Z12: =COUNTIF(U12:Y12,$U$4) -> 0 | AB12: Character (Magic-user) | AC12: =IFERROR(VLOOKUP($AB12,format!$C$5:$Q$30,1,FALSE),0) -> 0 | AD12: =IFERROR(VLOOKUP($AB12,format!$C$5:$Q$30,15,FALSE),0) -> 0 | AE12: =IFERROR(VLOOKUP($AB12,format!$L$5:$Q$30,6,FALSE),0) -> 0 | AF12: =IFERROR(VLOOKUP($AB12,format!$M$5:$Q$30,5,FALSE),0) -> 0 | AG12: =IFERROR(VLOOKUP($AB12,$N$5:$Q$29,4,FALSE),0) -> 0 | AH12: =SUM(AD12:AG12) -> 0 | AI12: =COUNTIF(format!$L$5:$N$30,Builder!AB12) -> 0 | AJ12: =IF(AI12>AH12,AI12,AH12) -> 0 | AM12: =BH12+BR12+CB12+CL12+CV12+DG12 -> 0 | AN12: =BI12+BS12+CC12+CM12+CW12+DH12 -> 0 | AO12: =BJ12+BT12+CD12+CN12+CX12+DI12 -> 0 | AP12: =IF(MAX(BK12,BU12,CE12,CO12,CY12,DJ12)>1,MAX(BK12,BU12,CE12,CO12,CY12,DJ12),BK12+BU12+CE12+CO12+CY12+DJ12) -> 0 | AQ12: =IF(AND(C10="Ordnance battery",(OR(K10="Shooting (mixed)",L10="Shooting (mixed)",M10="Shooting (mixed)",N10="Shooting (mixed)"))),1,IF(MAX(BL12,BV12,CF12,CP12,CZ12,DK12)>1,MAX(BL12,BV12,CF12,CP12,CZ12,DK12),BL12+BV12+CF12+CP12+CZ12+DK12)) -> 0 | AR12: =BM12+BW12+CG12+CQ12+DA12+DL12 -> 0 | AS12: =BN12+BX12+CH12+CR12+DB12+DM12 -> 0 | BC12: =IFERROR(VLOOKUP($O10,Relics,BC$2,FALSE),0) -> 0 | BD12: =IFERROR(VLOOKUP($O10,Relics,BD$2,FALSE),0) -> 0 | BG12: =IFERROR(VLOOKUP($C10,stats,BG$2,FALSE),0) -> 0 | BH12: =IFERROR(VLOOKUP($C10,stats,BH$2,FALSE),0) -> 0 | BI12: =IFERROR(VLOOKUP($C10,stats,BI$2,FALSE),0) -> 0 | BJ12: =IFERROR(VLOOKUP($C10,stats,BJ$2,FALSE),0) -> 0 | BK12: =IFERROR(VLOOKUP($C10,stats,BK$2,FALSE),0) -> 0 | BL12: =IFERROR(VLOOKUP($C10,stats,BL$2,FALSE),0) -> 0 | BM12: =IFERROR(VLOOKUP($C10,stats,BM$2,FALSE),0) -> 0 | BN12: =IFERROR(VLOOKUP($C10,stats,BN$2,FALSE),0) -> 0 | BO12: =IFERROR(VLOOKUP($C10,stats,BO$2,FALSE),0) -> 0 | BQ12: =IFERROR(VLOOKUP($K10,traits,BQ$2,FALSE),0) -> 0 | BR12: =IFERROR(VLOOKUP($K10,traits,BR$2,FALSE),0) -> 0 | BS12: =IFERROR(VLOOKUP($K10,traits,BS$2,FALSE),0) -> 0 | BT12: =IFERROR(VLOOKUP($K10,traits,BT$2,FALSE),0) -> 0 | BU12: =IFERROR(VLOOKUP($K10,traits,BU$2,FALSE),0) -> 0 | BV12: =IFERROR(VLOOKUP($K10,traits,BV$2,FALSE),0) -> 0 | BW12: =IFERROR(VLOOKUP($K10,traits,BW$2,FALSE),0) -> 0 | BX12: =IFERROR(VLOOKUP($K10,traits,BX$2,FALSE),0) -> 0 | BY12: =IFERROR(VLOOKUP($K10,traits,BY$2,FALSE),0) -> 0 | CA12: =IFERROR(VLOOKUP($L10,traits,CA$2,FALSE),0) -> 0 | CB12: =IFERROR(VLOOKUP($L10,traits,CB$2,FALSE),0) -> 0 | CC12: =IFERROR(VLOOKUP($L10,traits,CC$2,FALSE),0) -> 0 | CD12: =IFERROR(VLOOKUP($L10,traits,CD$2,FALSE),0) -> 0 | CE12: =IFERROR(VLOOKUP($L10,traits,CE$2,FALSE),0) -> 0 | CF12: =IFERROR(VLOOKUP($L10,traits,CF$2,FALSE),0) -> 0 | CG12: =IFERROR(VLOOKUP($L10,traits,CG$2,FALSE),0) -> 0 | CH12: =IFERROR(VLOOKUP($L10,traits,CH$2,FALSE),0) -> 0 | CI12: =IFERROR(VLOOKUP($L10,traits,CI$2,FALSE),0) -> 0 | CK12: =IFERROR(VLOOKUP($M10,traits,CK$2,FALSE),0) -> 0 | CL12: =IFERROR(VLOOKUP($M10,traits,CL$2,FALSE),0) -> 0 | CM12: =IFERROR(VLOOKUP($M10,traits,CM$2,FALSE),0) -> 0 | CN12: =IFERROR(VLOOKUP($M10,traits,CN$2,FALSE),0) -> 0 | CO12: =IFERROR(VLOOKUP($M10,traits,CO$2,FALSE),0) -> 0 | CP12: =IFERROR(VLOOKUP($M10,traits,CP$2,FALSE),0) -> 0 | CQ12: =IFERROR(VLOOKUP($M10,traits,CQ$2,FALSE),0) -> 0 | CR12: =IFERROR(VLOOKUP($M10,traits,CR$2,FALSE),0) -> 0 | CS12: =IFERROR(VLOOKUP($M10,traits,CS$2,FALSE),0) -> 0 | CU12: =IFERROR(VLOOKUP($N10,traits,CU$2,FALSE),0) -> 0 | CV12: =IFERROR(VLOOKUP($N10,traits,CV$2,FALSE),0) -> 0 | CW12: =IFERROR(VLOOKUP($N10,traits,CW$2,FALSE),0) -> 0 | CX12: =IFERROR(VLOOKUP($N10,traits,CX$2,FALSE),0) -> 0 | CY12: =IFERROR(VLOOKUP($N10,traits,CY$2,FALSE),0) -> 0 | CZ12: =IFERROR(VLOOKUP($N10,traits,CZ$2,FALSE),0) -> 0 | DA12: =IFERROR(VLOOKUP($N10,traits,DA$2,FALSE),0) -> 0 | DB12: =IFERROR(VLOOKUP($N10,traits,DB$2,FALSE),0) -> 0 | DC12: =IFERROR(VLOOKUP($N10,traits,DC$2,FALSE),0) -> 0 | DF12: =IFERROR(VLOOKUP($O10,Relics,DF$2,FALSE),0) -> 0 | DG12: =IFERROR(VLOOKUP($O10,Relics,DG$2,FALSE),0) -> 0 | DH12: =IFERROR(VLOOKUP($O10,Relics,DH$2,FALSE),0) -> 0 | DI12: =IFERROR(VLOOKUP($O10,Relics,DI$2,FALSE),0) -> 0 | DJ12: =IFERROR(VLOOKUP($O10,Relics,DJ$2,FALSE),0) -> 0 | DK12: =IFERROR(VLOOKUP($O10,Relics,DK$2,FALSE),0) -> 0 | DL12: =IFERROR(VLOOKUP($O10,Relics,DL$2,FALSE),0) -> 0 | DM12: =IFERROR(VLOOKUP($O10,Relics,DM$2,FALSE),0) -> 0 | DN12: =IFERROR(VLOOKUP($O10,Relics,DN$2,FALSE),0) -> 0
A13: 9 | D13: =AM15 -> 0 | E13: =AN15 -> 0 | F13: =AO15 -> 0 | G13: =AP15 -> 0 | H13: =AQ15 -> 0 | I13: =AR15 -> 0 | J13: =AS15 -> 0 | P13: =BO15+BY15+CI15+CS15+DC15+BD15 -> 0 | R13: =Q13*P13 -> 0 | U13: =IF(C13=$U$2,0,IFERROR(VLOOKUP($C13,Stats!$B$4:$B$8,1,FALSE),"Company")) -> 0 | V13: =IF(C13=$U$2,0,IFERROR(VLOOKUP(K13,Stats!$B$24:$B$27,1,FALSE),"Company")) -> 0 | W13: =IF(D13=$U$2,0,IFERROR(VLOOKUP(L13,Stats!$B$24:$B$27,1,FALSE),"Company")) -> 0 | X13: =IF(E13=$U$2,0,IFERROR(VLOOKUP(M13,Stats!$B$24:$B$27,1,FALSE),"Company")) -> 0 | Y13: =IF(F13=$U$2,0,IFERROR(VLOOKUP(N13,Stats!$B$24:$B$27,1,FALSE),"Company")) -> 0 | Z13: =COUNTIF(U13:Y13,$U$4) -> 0 | AD13: allowed | AE13: total | AM13: =BH13+BR13+CB13+CL13+CV13+DG13 -> 0 | AN13: =BI13+BS13+CC13+CM13+CW13+DH13 -> 0 | AO13: =BJ13+BT13+CD13+CN13+CX13+DI13 -> 0 | AP13: =IF(MAX(BK13,BU13,CE13,CO13,CY13,DJ13)>1,MAX(BK13,BU13,CE13,CO13,CY13,DJ13),BK13+BU13+CE13+CO13+CY13+DJ13) -> 0 | AQ13: =IF(AND(C11="Ordnance battery",(OR(K11="Shooting (mixed)",L11="Shooting (mixed)",M11="Shooting (mixed)",N11="Shooting (mixed)"))),1,IF(MAX(BL13,BV13,CF13,CP13,CZ13,DK13)>1,MAX(BL13,BV13,CF13,CP13,CZ13,DK13),BL13+BV13+CF13+CP13+CZ13+DK13)) -> 0 | AR13: =BM13+BW13+CG13+CQ13+DA13+DL13 -> 0 | AS13: =BN13+BX13+CH13+CR13+DB13+DM13 -> 0 | BC13: =IFERROR(VLOOKUP($O11,Relics,BC$2,FALSE),0) -> 0 | BD13: =IFERROR(VLOOKUP($O11,Relics,BD$2,FALSE),0) -> 0 | BG13: =IFERROR(VLOOKUP($C11,stats,BG$2,FALSE),0) -> 0 | BH13: =IFERROR(VLOOKUP($C11,stats,BH$2,FALSE),0) -> 0 | BI13: =IFERROR(VLOOKUP($C11,stats,BI$2,FALSE),0) -> 0 | BJ13: =IFERROR(VLOOKUP($C11,stats,BJ$2,FALSE),0) -> 0 | BK13: =IFERROR(VLOOKUP($C11,stats,BK$2,FALSE),0) -> 0 | BL13: =IFERROR(VLOOKUP($C11,stats,BL$2,FALSE),0) -> 0 | BM13: =IFERROR(VLOOKUP($C11,stats,BM$2,FALSE),0) -> 0 | BN13: =IFERROR(VLOOKUP($C11,stats,BN$2,FALSE),0) -> 0 | BO13: =IFERROR(VLOOKUP($C11,stats,BO$2,FALSE),0) -> 0 | BQ13: =IFERROR(VLOOKUP($K11,traits,BQ$2,FALSE),0) -> 0 | BR13: =IFERROR(VLOOKUP($K11,traits,BR$2,FALSE),0) -> 0 | BS13: =IFERROR(VLOOKUP($K11,traits,BS$2,FALSE),0) -> 0 | BT13: =IFERROR(VLOOKUP($K11,traits,BT$2,FALSE),0) -> 0 | BU13: =IFERROR(VLOOKUP($K11,traits,BU$2,FALSE),0) -> 0 | BV13: =IFERROR(VLOOKUP($K11,traits,BV$2,FALSE),0) -> 0 | BW13: =IFERROR(VLOOKUP($K11,traits,BW$2,FALSE),0) -> 0 | BX13: =IFERROR(VLOOKUP($K11,traits,BX$2,FALSE),0) -> 0 | BY13: =IFERROR(VLOOKUP($K11,traits,BY$2,FALSE),0) -> 0 | CA13: =IFERROR(VLOOKUP($L11,traits,CA$2,FALSE),0) -> 0 | CB13: =IFERROR(VLOOKUP($L11,traits,CB$2,FALSE),0) -> 0 | CC13: =IFERROR(VLOOKUP($L11,traits,CC$2,FALSE),0) -> 0 | CD13: =IFERROR(VLOOKUP($L11,traits,CD$2,FALSE),0) -> 0 | CE13: =IFERROR(VLOOKUP($L11,traits,CE$2,FALSE),0) -> 0 | CF13: =IFERROR(VLOOKUP($L11,traits,CF$2,FALSE),0) -> 0 | CG13: =IFERROR(VLOOKUP($L11,traits,CG$2,FALSE),0) -> 0 | CH13: =IFERROR(VLOOKUP($L11,traits,CH$2,FALSE),0) -> 0 | CI13: =IFERROR(VLOOKUP($L11,traits,CI$2,FALSE),0) -> 0 | CK13: =IFERROR(VLOOKUP($M11,traits,CK$2,FALSE),0) -> 0 | CL13: =IFERROR(VLOOKUP($M11,traits,CL$2,FALSE),0) -> 0 | CM13: =IFERROR(VLOOKUP($M11,traits,CM$2,FALSE),0) -> 0 | CN13: =IFERROR(VLOOKUP($M11,traits,CN$2,FALSE),0) -> 0 | CO13: =IFERROR(VLOOKUP($M11,traits,CO$2,FALSE),0) -> 0 | CP13: =IFERROR(VLOOKUP($M11,traits,CP$2,FALSE),0) -> 0 | CQ13: =IFERROR(VLOOKUP($M11,traits,CQ$2,FALSE),0) -> 0 | CR13: =IFERROR(VLOOKUP($M11,traits,CR$2,FALSE),0) -> 0 | CS13: =IFERROR(VLOOKUP($M11,traits,CS$2,FALSE),0) -> 0 | CU13: =IFERROR(VLOOKUP($N11,traits,CU$2,FALSE),0) -> 0 | CV13: =IFERROR(VLOOKUP($N11,traits,CV$2,FALSE),0) -> 0 | CW13: =IFERROR(VLOOKUP($N11,traits,CW$2,FALSE),0) -> 0 | CX13: =IFERROR(VLOOKUP($N11,traits,CX$2,FALSE),0) -> 0 | CY13: =IFERROR(VLOOKUP($N11,traits,CY$2,FALSE),0) -> 0 | CZ13: =IFERROR(VLOOKUP($N11,traits,CZ$2,FALSE),0) -> 0 | DA13: =IFERROR(VLOOKUP($N11,traits,DA$2,FALSE),0) -> 0 | DB13: =IFERROR(VLOOKUP($N11,traits,DB$2,FALSE),0) -> 0 | DC13: =IFERROR(VLOOKUP($N11,traits,DC$2,FALSE),0) -> 0 | DF13: =IFERROR(VLOOKUP($O11,Relics,DF$2,FALSE),0) -> 0 | DG13: =IFERROR(VLOOKUP($O11,Relics,DG$2,FALSE),0) -> 0 | DH13: =IFERROR(VLOOKUP($O11,Relics,DH$2,FALSE),0) -> 0 | DI13: =IFERROR(VLOOKUP($O11,Relics,DI$2,FALSE),0) -> 0 | DJ13: =IFERROR(VLOOKUP($O11,Relics,DJ$2,FALSE),0) -> 0 | DK13: =IFERROR(VLOOKUP($O11,Relics,DK$2,FALSE),0) -> 0 | DL13: =IFERROR(VLOOKUP($O11,Relics,DL$2,FALSE),0) -> 0 | DM13: =IFERROR(VLOOKUP($O11,Relics,DM$2,FALSE),0) -> 0 | DN13: =IFERROR(VLOOKUP($O11,Relics,DN$2,FALSE),0) -> 0
A14: 10 | D14: =AM16 -> 0 | E14: =AN16 -> 0 | F14: =AO16 -> 0 | G14: =AP16 -> 0 | H14: =AQ16 -> 0 | I14: =AR16 -> 0 | J14: =AS16 -> 0 | P14: =BO16+BY16+CI16+CS16+DC16+BD16 -> 0 | R14: =Q14*P14 -> 0 | U14: =IF(C14=$U$2,0,IFERROR(VLOOKUP($C14,Stats!$B$4:$B$8,1,FALSE),"Company")) -> 0 | V14: =IF(C14=$U$2,0,IFERROR(VLOOKUP(K14,Stats!$B$24:$B$27,1,FALSE),"Company")) -> 0 | W14: =IF(D14=$U$2,0,IFERROR(VLOOKUP(L14,Stats!$B$24:$B$27,1,FALSE),"Company")) -> 0 | X14: =IF(E14=$U$2,0,IFERROR(VLOOKUP(M14,Stats!$B$24:$B$27,1,FALSE),"Company")) -> 0 | Y14: =IF(F14=$U$2,0,IFERROR(VLOOKUP(N14,Stats!$B$24:$B$27,1,FALSE),"Company")) -> 0 | Z14: =COUNTIF(U14:Y14,$U$4) -> 0 | AC14: allowed/500 | AD14: =Stats!T2 -> 0 | AM14: =BH14+BR14+CB14+CL14+CV14+DG14 -> 0 | AN14: =BI14+BS14+CC14+CM14+CW14+DH14 -> 0 | AO14: =BJ14+BT14+CD14+CN14+CX14+DI14 -> 0 | AP14: =IF(MAX(BK14,BU14,CE14,CO14,CY14,DJ14)>1,MAX(BK14,BU14,CE14,CO14,CY14,DJ14),BK14+BU14+CE14+CO14+CY14+DJ14) -> 0 | AQ14: =IF(AND(C12="Ordnance battery",(OR(K12="Shooting (mixed)",L12="Shooting (mixed)",M12="Shooting (mixed)",N12="Shooting (mixed)"))),1,IF(MAX(BL14,BV14,CF14,CP14,CZ14,DK14)>1,MAX(BL14,BV14,CF14,CP14,CZ14,DK14),BL14+BV14+CF14+CP14+CZ14+DK14)) -> 0 | AR14: =BM14+BW14+CG14+CQ14+DA14+DL14 -> 0 | AS14: =BN14+BX14+CH14+CR14+DB14+DM14 -> 0 | BC14: =IFERROR(VLOOKUP($O12,Relics,BC$2,FALSE),0) -> 0 | BD14: =IFERROR(VLOOKUP($O12,Relics,BD$2,FALSE),0) -> 0 | BG14: =IFERROR(VLOOKUP($C12,stats,BG$2,FALSE),0) -> 0 | BH14: =IFERROR(VLOOKUP($C12,stats,BH$2,FALSE),0) -> 0 | BI14: =IFERROR(VLOOKUP($C12,stats,BI$2,FALSE),0) -> 0 | BJ14: =IFERROR(VLOOKUP($C12,stats,BJ$2,FALSE),0) -> 0 | BK14: =IFERROR(VLOOKUP($C12,stats,BK$2,FALSE),0) -> 0 | BL14: =IFERROR(VLOOKUP($C12,stats,BL$2,FALSE),0) -> 0 | BM14: =IFERROR(VLOOKUP($C12,stats,BM$2,FALSE),0) -> 0 | BN14: =IFERROR(VLOOKUP($C12,stats,BN$2,FALSE),0) -> 0 | BO14: =IFERROR(VLOOKUP($C12,stats,BO$2,FALSE),0) -> 0 | BQ14: =IFERROR(VLOOKUP($K12,traits,BQ$2,FALSE),0) -> 0 | BR14: =IFERROR(VLOOKUP($K12,traits,BR$2,FALSE),0) -> 0 | BS14: =IFERROR(VLOOKUP($K12,traits,BS$2,FALSE),0) -> 0 | BT14: =IFERROR(VLOOKUP($K12,traits,BT$2,FALSE),0) -> 0 | BU14: =IFERROR(VLOOKUP($K12,traits,BU$2,FALSE),0) -> 0 | BV14: =IFERROR(VLOOKUP($K12,traits,BV$2,FALSE),0) -> 0 | BW14: =IFERROR(VLOOKUP($K12,traits,BW$2,FALSE),0) -> 0 | BX14: =IFERROR(VLOOKUP($K12,traits,BX$2,FALSE),0) -> 0 | BY14: =IFERROR(VLOOKUP($K12,traits,BY$2,FALSE),0) -> 0 | CA14: =IFERROR(VLOOKUP($L12,traits,CA$2,FALSE),0) -> 0 | CB14: =IFERROR(VLOOKUP($L12,traits,CB$2,FALSE),0) -> 0 | CC14: =IFERROR(VLOOKUP($L12,traits,CC$2,FALSE),0) -> 0 | CD14: =IFERROR(VLOOKUP($L12,traits,CD$2,FALSE),0) -> 0 | CE14: =IFERROR(VLOOKUP($L12,traits,CE$2,FALSE),0) -> 0 | CF14: =IFERROR(VLOOKUP($L12,traits,CF$2,FALSE),0) -> 0 | CG14: =IFERROR(VLOOKUP($L12,traits,CG$2,FALSE),0) -> 0 | CH14: =IFERROR(VLOOKUP($L12,traits,CH$2,FALSE),0) -> 0 | CI14: =IFERROR(VLOOKUP($L12,traits,CI$2,FALSE),0) -> 0 | CK14: =IFERROR(VLOOKUP($M12,traits,CK$2,FALSE),0) -> 0 | CL14: =IFERROR(VLOOKUP($M12,traits,CL$2,FALSE),0) -> 0 | CM14: =IFERROR(VLOOKUP($M12,traits,CM$2,FALSE),0) -> 0 | CN14: =IFERROR(VLOOKUP($M12,traits,CN$2,FALSE),0) -> 0 | CO14: =IFERROR(VLOOKUP($M12,traits,CO$2,FALSE),0) -> 0 | CP14: =IFERROR(VLOOKUP($M12,traits,CP$2,FALSE),0) -> 0 | CQ14: =IFERROR(VLOOKUP($M12,traits,CQ$2,FALSE),0) -> 0 | CR14: =IFERROR(VLOOKUP($M12,traits,CR$2,FALSE),0) -> 0 | CS14: =IFERROR(VLOOKUP($M12,traits,CS$2,FALSE),0) -> 0 | CU14: =IFERROR(VLOOKUP($N12,traits,CU$2,FALSE),0) -> 0 | CV14: =IFERROR(VLOOKUP($N12,traits,CV$2,FALSE),0) -> 0 | CW14: =IFERROR(VLOOKUP($N12,traits,CW$2,FALSE),0) -> 0 | CX14: =IFERROR(VLOOKUP($N12,traits,CX$2,FALSE),0) -> 0 | CY14: =IFERROR(VLOOKUP($N12,traits,CY$2,FALSE),0) -> 0 | CZ14: =IFERROR(VLOOKUP($N12,traits,CZ$2,FALSE),0) -> 0 | DA14: =IFERROR(VLOOKUP($N12,traits,DA$2,FALSE),0) -> 0 | DB14: =IFERROR(VLOOKUP($N12,traits,DB$2,FALSE),0) -> 0 | DC14: =IFERROR(VLOOKUP($N12,traits,DC$2,FALSE),0) -> 0 | DF14: =IFERROR(VLOOKUP($O12,Relics,DF$2,FALSE),0) -> 0 | DG14: =IFERROR(VLOOKUP($O12,Relics,DG$2,FALSE),0) -> 0 | DH14: =IFERROR(VLOOKUP($O12,Relics,DH$2,FALSE),0) -> 0 | DI14: =IFERROR(VLOOKUP($O12,Relics,DI$2,FALSE),0) -> 0 | DJ14: =IFERROR(VLOOKUP($O12,Relics,DJ$2,FALSE),0) -> 0 | DK14: =IFERROR(VLOOKUP($O12,Relics,DK$2,FALSE),0) -> 0 | DL14: =IFERROR(VLOOKUP($O12,Relics,DL$2,FALSE),0) -> 0 | DM14: =IFERROR(VLOOKUP($O12,Relics,DM$2,FALSE),0) -> 0 | DN14: =IFERROR(VLOOKUP($O12,Relics,DN$2,FALSE),0) -> 0
A15: 11 | D15: =AM17 -> 0 | E15: =AN17 -> 0 | F15: =AO17 -> 0 | G15: =AP17 -> 0 | H15: =AQ17 -> 0 | I15: =AR17 -> 0 | J15: =AS17 -> 0 | P15: =BO17+BY17+CI17+CS17+DC17+BD17 -> 0 | R15: =Q15*P15 -> 0 | U15: =IF(C15=$U$2,0,IFERROR(VLOOKUP($C15,Stats!$B$4:$B$8,1,FALSE),"Company")) -> 0 | V15: =IF(C15=$U$2,0,IFERROR(VLOOKUP(K15,Stats!$B$24:$B$27,1,FALSE),"Company")) -> 0 | W15: =IF(D15=$U$2,0,IFERROR(VLOOKUP(L15,Stats!$B$24:$B$27,1,FALSE),"Company")) -> 0 | X15: =IF(E15=$U$2,0,IFERROR(VLOOKUP(M15,Stats!$B$24:$B$27,1,FALSE),"Company")) -> 0 | Y15: =IF(F15=$U$2,0,IFERROR(VLOOKUP(N15,Stats!$B$24:$B$27,1,FALSE),"Company")) -> 0 | Z15: =COUNTIF(U15:Y15,$U$4) -> 0 | AB15: Mage-lord/Warlord | AC15: =Stats!R4 -> 1 | AD15: =Stats!T4 -> 1 | AE15: =AJ4+AJ5+AJ9+AJ10 -> 0 | AM15: =BH15+BR15+CB15+CL15+CV15+DG15 -> 0 | AN15: =BI15+BS15+CC15+CM15+CW15+DH15 -> 0 | AO15: =BJ15+BT15+CD15+CN15+CX15+DI15 -> 0 | AP15: =IF(MAX(BK15,BU15,CE15,CO15,CY15,DJ15)>1,MAX(BK15,BU15,CE15,CO15,CY15,DJ15),BK15+BU15+CE15+CO15+CY15+DJ15) -> 0 | AQ15: =IF(AND(C13="Ordnance battery",(OR(K13="Shooting (mixed)",L13="Shooting (mixed)",M13="Shooting (mixed)",N13="Shooting (mixed)"))),1,IF(MAX(BL15,BV15,CF15,CP15,CZ15,DK15)>1,MAX(BL15,BV15,CF15,CP15,CZ15,DK15),BL15+BV15+CF15+CP15+CZ15+DK15)) -> 0 | AR15: =BM15+BW15+CG15+CQ15+DA15+DL15 -> 0 | AS15: =BN15+BX15+CH15+CR15+DB15+DM15 -> 0 | BC15: =IFERROR(VLOOKUP($O13,Relics,BC$2,FALSE),0) -> 0 | BD15: =IFERROR(VLOOKUP($O13,Relics,BD$2,FALSE),0) -> 0 | BG15: =IFERROR(VLOOKUP($C13,stats,BG$2,FALSE),0) -> 0 | BH15: =IFERROR(VLOOKUP($C13,stats,BH$2,FALSE),0) -> 0 | BI15: =IFERROR(VLOOKUP($C13,stats,BI$2,FALSE),0) -> 0 | BJ15: =IFERROR(VLOOKUP($C13,stats,BJ$2,FALSE),0) -> 0 | BK15: =IFERROR(VLOOKUP($C13,stats,BK$2,FALSE),0) -> 0 | BL15: =IFERROR(VLOOKUP($C13,stats,BL$2,FALSE),0) -> 0 | BM15: =IFERROR(VLOOKUP($C13,stats,BM$2,FALSE),0) -> 0 | BN15: =IFERROR(VLOOKUP($C13,stats,BN$2,FALSE),0) -> 0 | BO15: =IFERROR(VLOOKUP($C13,stats,BO$2,FALSE),0) -> 0 | BQ15: =IFERROR(VLOOKUP($K13,traits,BQ$2,FALSE),0) -> 0 | BR15: =IFERROR(VLOOKUP($K13,traits,BR$2,FALSE),0) -> 0 | BS15: =IFERROR(VLOOKUP($K13,traits,BS$2,FALSE),0) -> 0 | BT15: =IFERROR(VLOOKUP($K13,traits,BT$2,FALSE),0) -> 0 | BU15: =IFERROR(VLOOKUP($K13,traits,BU$2,FALSE),0) -> 0 | BV15: =IFERROR(VLOOKUP($K13,traits,BV$2,FALSE),0) -> 0 | BW15: =IFERROR(VLOOKUP($K13,traits,BW$2,FALSE),0) -> 0 | BX15: =IFERROR(VLOOKUP($K13,traits,BX$2,FALSE),0) -> 0 | BY15: =IFERROR(VLOOKUP($K13,traits,BY$2,FALSE),0) -> 0 | CA15: =IFERROR(VLOOKUP($L13,traits,CA$2,FALSE),0) -> 0 | CB15: =IFERROR(VLOOKUP($L13,traits,CB$2,FALSE),0) -> 0 | CC15: =IFERROR(VLOOKUP($L13,traits,CC$2,FALSE),0) -> 0 | CD15: =IFERROR(VLOOKUP($L13,traits,CD$2,FALSE),0) -> 0 | CE15: =IFERROR(VLOOKUP($L13,traits,CE$2,FALSE),0) -> 0 | CF15: =IFERROR(VLOOKUP($L13,traits,CF$2,FALSE),0) -> 0 | CG15: =IFERROR(VLOOKUP($L13,traits,CG$2,FALSE),0) -> 0 | CH15: =IFERROR(VLOOKUP($L13,traits,CH$2,FALSE),0) -> 0 | CI15: =IFERROR(VLOOKUP($L13,traits,CI$2,FALSE),0) -> 0 | CK15: =IFERROR(VLOOKUP($M13,traits,CK$2,FALSE),0) -> 0 | CL15: =IFERROR(VLOOKUP($M13,traits,CL$2,FALSE),0) -> 0 | CM15: =IFERROR(VLOOKUP($M13,traits,CM$2,FALSE),0) -> 0 | CN15: =IFERROR(VLOOKUP($M13,traits,CN$2,FALSE),0) -> 0 | CO15: =IFERROR(VLOOKUP($M13,traits,CO$2,FALSE),0) -> 0 | CP15: =IFERROR(VLOOKUP($M13,traits,CP$2,FALSE),0) -> 0 | CQ15: =IFERROR(VLOOKUP($M13,traits,CQ$2,FALSE),0) -> 0 | CR15: =IFERROR(VLOOKUP($M13,traits,CR$2,FALSE),0) -> 0 | CS15: =IFERROR(VLOOKUP($M13,traits,CS$2,FALSE),0) -> 0 | CU15: =IFERROR(VLOOKUP($N13,traits,CU$2,FALSE),0) -> 0 | CV15: =IFERROR(VLOOKUP($N13,traits,CV$2,FALSE),0) -> 0 | CW15: =IFERROR(VLOOKUP($N13,traits,CW$2,FALSE),0) -> 0 | CX15: =IFERROR(VLOOKUP($N13,traits,CX$2,FALSE),0) -> 0 | CY15: =IFERROR(VLOOKUP($N13,traits,CY$2,FALSE),0) -> 0 | CZ15: =IFERROR(VLOOKUP($N13,traits,CZ$2,FALSE),0) -> 0 | DA15: =IFERROR(VLOOKUP($N13,traits,DA$2,FALSE),0) -> 0 | DB15: =IFERROR(VLOOKUP($N13,traits,DB$2,FALSE),0) -> 0 | DC15: =IFERROR(VLOOKUP($N13,traits,DC$2,FALSE),0) -> 0 | DF15: =IFERROR(VLOOKUP($O13,Relics,DF$2,FALSE),0) -> 0 | DG15: =IFERROR(VLOOKUP($O13,Relics,DG$2,FALSE),0) -> 0 | DH15: =IFERROR(VLOOKUP($O13,Relics,DH$2,FALSE),0) -> 0 | DI15: =IFERROR(VLOOKUP($O13,Relics,DI$2,FALSE),0) -> 0 | DJ15: =IFERROR(VLOOKUP($O13,Relics,DJ$2,FALSE),0) -> 0 | DK15: =IFERROR(VLOOKUP($O13,Relics,DK$2,FALSE),0) -> 0 | DL15: =IFERROR(VLOOKUP($O13,Relics,DL$2,FALSE),0) -> 0 | DM15: =IFERROR(VLOOKUP($O13,Relics,DM$2,FALSE),0) -> 0 | DN15: =IFERROR(VLOOKUP($O13,Relics,DN$2,FALSE),0) -> 0
A16: 12 | D16: =AM18 -> 0 | E16: =AN18 -> 0 | F16: =AO18 -> 0 | G16: =AP18 -> 0 | H16: =AQ18 -> 0 | I16: =AR18 -> 0 | J16: =AS18 -> 0 | P16: =BO18+BY18+CI18+CS18+DC18+BD18 -> 0 | R16: =Q16*P16 -> 0 | U16: =IF(C16=$U$2,0,IFERROR(VLOOKUP($C16,Stats!$B$4:$B$8,1,FALSE),"Company")) -> 0 | V16: =IF(C16=$U$2,0,IFERROR(VLOOKUP(K16,Stats!$B$24:$B$27,1,FALSE),"Company")) -> 0 | W16: =IF(D16=$U$2,0,IFERROR(VLOOKUP(L16,Stats!$B$24:$B$27,1,FALSE),"Company")) -> 0 | X16: =IF(E16=$U$2,0,IFERROR(VLOOKUP(M16,Stats!$B$24:$B$27,1,FALSE),"Company")) -> 0 | Y16: =IF(F16=$U$2,0,IFERROR(VLOOKUP(N16,Stats!$B$24:$B$27,1,FALSE),"Company")) -> 0 | Z16: =COUNTIF(U16:Y16,$U$4) -> 0 | AB16: Captain | AC16: =Stats!R6 -> 3 | AD16: =Stats!T6 -> 0 | AE16: =AJ6+AJ11 -> 0 | AM16: =BH16+BR16+CB16+CL16+CV16+DG16 -> 0 | AN16: =BI16+BS16+CC16+CM16+CW16+DH16 -> 0 | AO16: =BJ16+BT16+CD16+CN16+CX16+DI16 -> 0 | AP16: =IF(MAX(BK16,BU16,CE16,CO16,CY16,DJ16)>1,MAX(BK16,BU16,CE16,CO16,CY16,DJ16),BK16+BU16+CE16+CO16+CY16+DJ16) -> 0 | AQ16: =IF(AND(C14="Ordnance battery",(OR(K14="Shooting (mixed)",L14="Shooting (mixed)",M14="Shooting (mixed)",N14="Shooting (mixed)"))),1,IF(MAX(BL16,BV16,CF16,CP16,CZ16,DK16)>1,MAX(BL16,BV16,CF16,CP16,CZ16,DK16),BL16+BV16+CF16+CP16+CZ16+DK16)) -> 0 | AR16: =BM16+BW16+CG16+CQ16+DA16+DL16 -> 0 | AS16: =BN16+BX16+CH16+CR16+DB16+DM16 -> 0 | BC16: =IFERROR(VLOOKUP($O14,Relics,BC$2,FALSE),0) -> 0 | BD16: =IFERROR(VLOOKUP($O14,Relics,BD$2,FALSE),0) -> 0 | BG16: =IFERROR(VLOOKUP($C14,stats,BG$2,FALSE),0) -> 0 | BH16: =IFERROR(VLOOKUP($C14,stats,BH$2,FALSE),0) -> 0 | BI16: =IFERROR(VLOOKUP($C14,stats,BI$2,FALSE),0) -> 0 | BJ16: =IFERROR(VLOOKUP($C14,stats,BJ$2,FALSE),0) -> 0 | BK16: =IFERROR(VLOOKUP($C14,stats,BK$2,FALSE),0) -> 0 | BL16: =IFERROR(VLOOKUP($C14,stats,BL$2,FALSE),0) -> 0 | BM16: =IFERROR(VLOOKUP($C14,stats,BM$2,FALSE),0) -> 0 | BN16: =IFERROR(VLOOKUP($C14,stats,BN$2,FALSE),0) -> 0 | BO16: =IFERROR(VLOOKUP($C14,stats,BO$2,FALSE),0) -> 0 | BQ16: =IFERROR(VLOOKUP($K14,traits,BQ$2,FALSE),0) -> 0 | BR16: =IFERROR(VLOOKUP($K14,traits,BR$2,FALSE),0) -> 0 | BS16: =IFERROR(VLOOKUP($K14,traits,BS$2,FALSE),0) -> 0 | BT16: =IFERROR(VLOOKUP($K14,traits,BT$2,FALSE),0) -> 0 | BU16: =IFERROR(VLOOKUP($K14,traits,BU$2,FALSE),0) -> 0 | BV16: =IFERROR(VLOOKUP($K14,traits,BV$2,FALSE),0) -> 0 | BW16: =IFERROR(VLOOKUP($K14,traits,BW$2,FALSE),0) -> 0 | BX16: =IFERROR(VLOOKUP($K14,traits,BX$2,FALSE),0) -> 0 | BY16: =IFERROR(VLOOKUP($K14,traits,BY$2,FALSE),0) -> 0 | CA16: =IFERROR(VLOOKUP($L14,traits,CA$2,FALSE),0) -> 0 | CB16: =IFERROR(VLOOKUP($L14,traits,CB$2,FALSE),0) -> 0 | CC16: =IFERROR(VLOOKUP($L14,traits,CC$2,FALSE),0) -> 0 | CD16: =IFERROR(VLOOKUP($L14,traits,CD$2,FALSE),0) -> 0 | CE16: =IFERROR(VLOOKUP($L14,traits,CE$2,FALSE),0) -> 0 | CF16: =IFERROR(VLOOKUP($L14,traits,CF$2,FALSE),0) -> 0 | CG16: =IFERROR(VLOOKUP($L14,traits,CG$2,FALSE),0) -> 0 | CH16: =IFERROR(VLOOKUP($L14,traits,CH$2,FALSE),0) -> 0 | CI16: =IFERROR(VLOOKUP($L14,traits,CI$2,FALSE),0) -> 0 | CK16: =IFERROR(VLOOKUP($M14,traits,CK$2,FALSE),0) -> 0 | CL16: =IFERROR(VLOOKUP($M14,traits,CL$2,FALSE),0) -> 0 | CM16: =IFERROR(VLOOKUP($M14,traits,CM$2,FALSE),0) -> 0 | CN16: =IFERROR(VLOOKUP($M14,traits,CN$2,FALSE),0) -> 0 | CO16: =IFERROR(VLOOKUP($M14,traits,CO$2,FALSE),0) -> 0 | CP16: =IFERROR(VLOOKUP($M14,traits,CP$2,FALSE),0) -> 0 | CQ16: =IFERROR(VLOOKUP($M14,traits,CQ$2,FALSE),0) -> 0 | CR16: =IFERROR(VLOOKUP($M14,traits,CR$2,FALSE),0) -> 0 | CS16: =IFERROR(VLOOKUP($M14,traits,CS$2,FALSE),0) -> 0 | CU16: =IFERROR(VLOOKUP($N14,traits,CU$2,FALSE),0) -> 0 | CV16: =IFERROR(VLOOKUP($N14,traits,CV$2,FALSE),0) -> 0 | CW16: =IFERROR(VLOOKUP($N14,traits,CW$2,FALSE),0) -> 0 | CX16: =IFERROR(VLOOKUP($N14,traits,CX$2,FALSE),0) -> 0 | CY16: =IFERROR(VLOOKUP($N14,traits,CY$2,FALSE),0) -> 0 | CZ16: =IFERROR(VLOOKUP($N14,traits,CZ$2,FALSE),0) -> 0 | DA16: =IFERROR(VLOOKUP($N14,traits,DA$2,FALSE),0) -> 0 | DB16: =IFERROR(VLOOKUP($N14,traits,DB$2,FALSE),0) -> 0 | DC16: =IFERROR(VLOOKUP($N14,traits,DC$2,FALSE),0) -> 0 | DF16: =IFERROR(VLOOKUP($O14,Relics,DF$2,FALSE),0) -> 0 | DG16: =IFERROR(VLOOKUP($O14,Relics,DG$2,FALSE),0) -> 0 | DH16: =IFERROR(VLOOKUP($O14,Relics,DH$2,FALSE),0) -> 0 | DI16: =IFERROR(VLOOKUP($O14,Relics,DI$2,FALSE),0) -> 0 | DJ16: =IFERROR(VLOOKUP($O14,Relics,DJ$2,FALSE),0) -> 0 | DK16: =IFERROR(VLOOKUP($O14,Relics,DK$2,FALSE),0) -> 0 | DL16: =IFERROR(VLOOKUP($O14,Relics,DL$2,FALSE),0) -> 0 | DM16: =IFERROR(VLOOKUP($O14,Relics,DM$2,FALSE),0) -> 0 | DN16: =IFERROR(VLOOKUP($O14,Relics,DN$2,FALSE),0) -> 0
A17: 13 | D17: =AM19 -> 0 | E17: =AN19 -> 0 | F17: =AO19 -> 0 | G17: =AP19 -> 0 | H17: =AQ19 -> 0 | I17: =AR19 -> 0 | J17: =AS19 -> 0 | P17: =BO19+BY19+CI19+CS19+DC19+BD19 -> 0 | R17: =Q17*P17 -> 0 | U17: =IF(C17=$U$2,0,IFERROR(VLOOKUP($C17,Stats!$B$4:$B$8,1,FALSE),"Company")) -> 0 | V17: =IF(C17=$U$2,0,IFERROR(VLOOKUP(K17,Stats!$B$24:$B$27,1,FALSE),"Company")) -> 0 | W17: =IF(D17=$U$2,0,IFERROR(VLOOKUP(L17,Stats!$B$24:$B$27,1,FALSE),"Company")) -> 0 | X17: =IF(E17=$U$2,0,IFERROR(VLOOKUP(M17,Stats!$B$24:$B$27,1,FALSE),"Company")) -> 0 | Y17: =IF(F17=$U$2,0,IFERROR(VLOOKUP(N17,Stats!$B$24:$B$27,1,FALSE),"Company")) -> 0 | Z17: =COUNTIF(U17:Y17,$U$4) -> 0 | AB17: Magic-user | AC17: =Stats!R7 -> 1 | AD17: =Stats!T7 -> 0 | AE17: =AJ7+AJ12 -> 0 | AM17: =BH17+BR17+CB17+CL17+CV17+DG17 -> 0 | AN17: =BI17+BS17+CC17+CM17+CW17+DH17 -> 0 | AO17: =BJ17+BT17+CD17+CN17+CX17+DI17 -> 0 | AP17: =IF(MAX(BK17,BU17,CE17,CO17,CY17,DJ17)>1,MAX(BK17,BU17,CE17,CO17,CY17,DJ17),BK17+BU17+CE17+CO17+CY17+DJ17) -> 0 | AQ17: =IF(AND(C15="Ordnance battery",(OR(K15="Shooting (mixed)",L15="Shooting (mixed)",M15="Shooting (mixed)",N15="Shooting (mixed)"))),1,IF(MAX(BL17,BV17,CF17,CP17,CZ17,DK17)>1,MAX(BL17,BV17,CF17,CP17,CZ17,DK17),BL17+BV17+CF17+CP17+CZ17+DK17)) -> 0 | AR17: =BM17+BW17+CG17+CQ17+DA17+DL17 -> 0 | AS17: =BN17+BX17+CH17+CR17+DB17+DM17 -> 0 | BC17: =IFERROR(VLOOKUP($O15,Relics,BC$2,FALSE),0) -> 0 | BD17: =IFERROR(VLOOKUP($O15,Relics,BD$2,FALSE),0) -> 0 | BG17: =IFERROR(VLOOKUP($C15,stats,BG$2,FALSE),0) -> 0 | BH17: =IFERROR(VLOOKUP($C15,stats,BH$2,FALSE),0) -> 0 | BI17: =IFERROR(VLOOKUP($C15,stats,BI$2,FALSE),0) -> 0 | BJ17: =IFERROR(VLOOKUP($C15,stats,BJ$2,FALSE),0) -> 0 | BK17: =IFERROR(VLOOKUP($C15,stats,BK$2,FALSE),0) -> 0 | BL17: =IFERROR(VLOOKUP($C15,stats,BL$2,FALSE),0) -> 0 | BM17: =IFERROR(VLOOKUP($C15,stats,BM$2,FALSE),0) -> 0 | BN17: =IFERROR(VLOOKUP($C15,stats,BN$2,FALSE),0) -> 0 | BO17: =IFERROR(VLOOKUP($C15,stats,BO$2,FALSE),0) -> 0 | BQ17: =IFERROR(VLOOKUP($K15,traits,BQ$2,FALSE),0) -> 0 | BR17: =IFERROR(VLOOKUP($K15,traits,BR$2,FALSE),0) -> 0 | BS17: =IFERROR(VLOOKUP($K15,traits,BS$2,FALSE),0) -> 0 | BT17: =IFERROR(VLOOKUP($K15,traits,BT$2,FALSE),0) -> 0 | BU17: =IFERROR(VLOOKUP($K15,traits,BU$2,FALSE),0) -> 0 | BV17: =IFERROR(VLOOKUP($K15,traits,BV$2,FALSE),0) -> 0 | BW17: =IFERROR(VLOOKUP($K15,traits,BW$2,FALSE),0) -> 0 | BX17: =IFERROR(VLOOKUP($K15,traits,BX$2,FALSE),0) -> 0 | BY17: =IFERROR(VLOOKUP($K15,traits,BY$2,FALSE),0) -> 0 | CA17: =IFERROR(VLOOKUP($L15,traits,CA$2,FALSE),0) -> 0 | CB17: =IFERROR(VLOOKUP($L15,traits,CB$2,FALSE),0) -> 0 | CC17: =IFERROR(VLOOKUP($L15,traits,CC$2,FALSE),0) -> 0 | CD17: =IFERROR(VLOOKUP($L15,traits,CD$2,FALSE),0) -> 0 | CE17: =IFERROR(VLOOKUP($L15,traits,CE$2,FALSE),0) -> 0 | CF17: =IFERROR(VLOOKUP($L15,traits,CF$2,FALSE),0) -> 0 | CG17: =IFERROR(VLOOKUP($L15,traits,CG$2,FALSE),0) -> 0 | CH17: =IFERROR(VLOOKUP($L15,traits,CH$2,FALSE),0) -> 0 | CI17: =IFERROR(VLOOKUP($L15,traits,CI$2,FALSE),0) -> 0 | CK17: =IFERROR(VLOOKUP($M15,traits,CK$2,FALSE),0) -> 0 | CL17: =IFERROR(VLOOKUP($M15,traits,CL$2,FALSE),0) -> 0 | CM17: =IFERROR(VLOOKUP($M15,traits,CM$2,FALSE),0) -> 0 | CN17: =IFERROR(VLOOKUP($M15,traits,CN$2,FALSE),0) -> 0 | CO17: =IFERROR(VLOOKUP($M15,traits,CO$2,FALSE),0) -> 0 | CP17: =IFERROR(VLOOKUP($M15,traits,CP$2,FALSE),0) -> 0 | CQ17: =IFERROR(VLOOKUP($M15,traits,CQ$2,FALSE),0) -> 0 | CR17: =IFERROR(VLOOKUP($M15,traits,CR$2,FALSE),0) -> 0 | CS17: =IFERROR(VLOOKUP($M15,traits,CS$2,FALSE),0) -> 0 | CU17: =IFERROR(VLOOKUP($N15,traits,CU$2,FALSE),0) -> 0 | CV17: =IFERROR(VLOOKUP($N15,traits,CV$2,FALSE),0) -> 0 | CW17: =IFERROR(VLOOKUP($N15,traits,CW$2,FALSE),0) -> 0 | CX17: =IFERROR(VLOOKUP($N15,traits,CX$2,FALSE),0) -> 0 | CY17: =IFERROR(VLOOKUP($N15,traits,CY$2,FALSE),0) -> 0 | CZ17: =IFERROR(VLOOKUP($N15,traits,CZ$2,FALSE),0) -> 0 | DA17: =IFERROR(VLOOKUP($N15,traits,DA$2,FALSE),0) -> 0 | DB17: =IFERROR(VLOOKUP($N15,traits,DB$2,FALSE),0) -> 0 | DC17: =IFERROR(VLOOKUP($N15,traits,DC$2,FALSE),0) -> 0 | DF17: =IFERROR(VLOOKUP($O15,Relics,DF$2,FALSE),0) -> 0 | DG17: =IFERROR(VLOOKUP($O15,Relics,DG$2,FALSE),0) -> 0 | DH17: =IFERROR(VLOOKUP($O15,Relics,DH$2,FALSE),0) -> 0 | DI17: =IFERROR(VLOOKUP($O15,Relics,DI$2,FALSE),0) -> 0 | DJ17: =IFERROR(VLOOKUP($O15,Relics,DJ$2,FALSE),0) -> 0 | DK17: =IFERROR(VLOOKUP($O15,Relics,DK$2,FALSE),0) -> 0 | DL17: =IFERROR(VLOOKUP($O15,Relics,DL$2,FALSE),0) -> 0 | DM17: =IFERROR(VLOOKUP($O15,Relics,DM$2,FALSE),0) -> 0 | DN17: =IFERROR(VLOOKUP($O15,Relics,DN$2,FALSE),0) -> 0
A18: 14 | D18: =AM20 -> 0 | E18: =AN20 -> 0 | F18: =AO20 -> 0 | G18: =AP20 -> 0 | H18: =AQ20 -> 0 | I18: =AR20 -> 0 | J18: =AS20 -> 0 | P18: =BO20+BY20+CI20+CS20+DC20+BD20 -> 0 | R18: =Q18*P18 -> 0 | U18: =IF(C18=$U$2,0,IFERROR(VLOOKUP($C18,Stats!$B$4:$B$8,1,FALSE),"Company")) -> 0 | V18: =IF(C18=$U$2,0,IFERROR(VLOOKUP(K18,Stats!$B$24:$B$27,1,FALSE),"Company")) -> 0 | W18: =IF(D18=$U$2,0,IFERROR(VLOOKUP(L18,Stats!$B$24:$B$27,1,FALSE),"Company")) -> 0 | X18: =IF(E18=$U$2,0,IFERROR(VLOOKUP(M18,Stats!$B$24:$B$27,1,FALSE),"Company")) -> 0 | Y18: =IF(F18=$U$2,0,IFERROR(VLOOKUP(N18,Stats!$B$24:$B$27,1,FALSE),"Company")) -> 0 | Z18: =COUNTIF(U18:Y18,$U$4) -> 0 | AB18: Rogue | AC18: =Stats!R8 -> 1 | AD18: =Stats!T8 -> 1 | AE18: =AJ8+AJ12 -> 0 | AM18: =BH18+BR18+CB18+CL18+CV18+DG18 -> 0 | AN18: =BI18+BS18+CC18+CM18+CW18+DH18 -> 0 | AO18: =BJ18+BT18+CD18+CN18+CX18+DI18 -> 0 | AP18: =IF(MAX(BK18,BU18,CE18,CO18,CY18,DJ18)>1,MAX(BK18,BU18,CE18,CO18,CY18,DJ18),BK18+BU18+CE18+CO18+CY18+DJ18) -> 0 | AQ18: =IF(AND(C16="Ordnance battery",(OR(K16="Shooting (mixed)",L16="Shooting (mixed)",M16="Shooting (mixed)",N16="Shooting (mixed)"))),1,IF(MAX(BL18,BV18,CF18,CP18,CZ18,DK18)>1,MAX(BL18,BV18,CF18,CP18,CZ18,DK18),BL18+BV18+CF18+CP18+CZ18+DK18)) -> 0 | AR18: =BM18+BW18+CG18+CQ18+DA18+DL18 -> 0 | AS18: =BN18+BX18+CH18+CR18+DB18+DM18 -> 0 | BC18: =IFERROR(VLOOKUP($O16,Relics,BC$2,FALSE),0) -> 0 | BD18: =IFERROR(VLOOKUP($O16,Relics,BD$2,FALSE),0) -> 0 | BG18: =IFERROR(VLOOKUP($C16,stats,BG$2,FALSE),0) -> 0 | BH18: =IFERROR(VLOOKUP($C16,stats,BH$2,FALSE),0) -> 0 | BI18: =IFERROR(VLOOKUP($C16,stats,BI$2,FALSE),0) -> 0 | BJ18: =IFERROR(VLOOKUP($C16,stats,BJ$2,FALSE),0) -> 0 | BK18: =IFERROR(VLOOKUP($C16,stats,BK$2,FALSE),0) -> 0 | BL18: =IFERROR(VLOOKUP($C16,stats,BL$2,FALSE),0) -> 0 | BM18: =IFERROR(VLOOKUP($C16,stats,BM$2,FALSE),0) -> 0 | BN18: =IFERROR(VLOOKUP($C16,stats,BN$2,FALSE),0) -> 0 | BO18: =IFERROR(VLOOKUP($C16,stats,BO$2,FALSE),0) -> 0 | BQ18: =IFERROR(VLOOKUP($K16,traits,BQ$2,FALSE),0) -> 0 | BR18: =IFERROR(VLOOKUP($K16,traits,BR$2,FALSE),0) -> 0 | BS18: =IFERROR(VLOOKUP($K16,traits,BS$2,FALSE),0) -> 0 | BT18: =IFERROR(VLOOKUP($K16,traits,BT$2,FALSE),0) -> 0 | BU18: =IFERROR(VLOOKUP($K16,traits,BU$2,FALSE),0) -> 0 | BV18: =IFERROR(VLOOKUP($K16,traits,BV$2,FALSE),0) -> 0 | BW18: =IFERROR(VLOOKUP($K16,traits,BW$2,FALSE),0) -> 0 | BX18: =IFERROR(VLOOKUP($K16,traits,BX$2,FALSE),0) -> 0 | BY18: =IFERROR(VLOOKUP($K16,traits,BY$2,FALSE),0) -> 0 | CA18: =IFERROR(VLOOKUP($L16,traits,CA$2,FALSE),0) -> 0 | CB18: =IFERROR(VLOOKUP($L16,traits,CB$2,FALSE),0) -> 0 | CC18: =IFERROR(VLOOKUP($L16,traits,CC$2,FALSE),0) -> 0 | CD18: =IFERROR(VLOOKUP($L16,traits,CD$2,FALSE),0) -> 0 | CE18: =IFERROR(VLOOKUP($L16,traits,CE$2,FALSE),0) -> 0 | CF18: =IFERROR(VLOOKUP($L16,traits,CF$2,FALSE),0) -> 0 | CG18: =IFERROR(VLOOKUP($L16,traits,CG$2,FALSE),0) -> 0 | CH18: =IFERROR(VLOOKUP($L16,traits,CH$2,FALSE),0) -> 0 | CI18: =IFERROR(VLOOKUP($L16,traits,CI$2,FALSE),0) -> 0 | CK18: =IFERROR(VLOOKUP($M16,traits,CK$2,FALSE),0) -> 0 | CL18: =IFERROR(VLOOKUP($M16,traits,CL$2,FALSE),0) -> 0 | CM18: =IFERROR(VLOOKUP($M16,traits,CM$2,FALSE),0) -> 0 | CN18: =IFERROR(VLOOKUP($M16,traits,CN$2,FALSE),0) -> 0 | CO18: =IFERROR(VLOOKUP($M16,traits,CO$2,FALSE),0) -> 0 | CP18: =IFERROR(VLOOKUP($M16,traits,CP$2,FALSE),0) -> 0 | CQ18: =IFERROR(VLOOKUP($M16,traits,CQ$2,FALSE),0) -> 0 | CR18: =IFERROR(VLOOKUP($M16,traits,CR$2,FALSE),0) -> 0 | CS18: =IFERROR(VLOOKUP($M16,traits,CS$2,FALSE),0) -> 0 | CU18: =IFERROR(VLOOKUP($N16,traits,CU$2,FALSE),0) -> 0 | CV18: =IFERROR(VLOOKUP($N16,traits,CV$2,FALSE),0) -> 0 | CW18: =IFERROR(VLOOKUP($N16,traits,CW$2,FALSE),0) -> 0 | CX18: =IFERROR(VLOOKUP($N16,traits,CX$2,FALSE),0) -> 0 | CY18: =IFERROR(VLOOKUP($N16,traits,CY$2,FALSE),0) -> 0 | CZ18: =IFERROR(VLOOKUP($N16,traits,CZ$2,FALSE),0) -> 0 | DA18: =IFERROR(VLOOKUP($N16,traits,DA$2,FALSE),0) -> 0 | DB18: =IFERROR(VLOOKUP($N16,traits,DB$2,FALSE),0) -> 0 | DC18: =IFERROR(VLOOKUP($N16,traits,DC$2,FALSE),0) -> 0 | DF18: =IFERROR(VLOOKUP($O16,Relics,DF$2,FALSE),0) -> 0 | DG18: =IFERROR(VLOOKUP($O16,Relics,DG$2,FALSE),0) -> 0 | DH18: =IFERROR(VLOOKUP($O16,Relics,DH$2,FALSE),0) -> 0 | DI18: =IFERROR(VLOOKUP($O16,Relics,DI$2,FALSE),0) -> 0 | DJ18: =IFERROR(VLOOKUP($O16,Relics,DJ$2,FALSE),0) -> 0 | DK18: =IFERROR(VLOOKUP($O16,Relics,DK$2,FALSE),0) -> 0 | DL18: =IFERROR(VLOOKUP($O16,Relics,DL$2,FALSE),0) -> 0 | DM18: =IFERROR(VLOOKUP($O16,Relics,DM$2,FALSE),0) -> 0 | DN18: =IFERROR(VLOOKUP($O16,Relics,DN$2,FALSE),0) -> 0
A19: 15 | D19: =AM21 -> 0 | E19: =AN21 -> 0 | F19: =AO21 -> 0 | G19: =AP21 -> 0 | H19: =AQ21 -> 0 | I19: =AR21 -> 0 | J19: =AS21 -> 0 | P19: =BO21+BY21+CI21+CS21+DC21+BD21 -> 0 | R19: =Q19*P19 -> 0 | U19: =IF(C19=$U$2,0,IFERROR(VLOOKUP($C19,Stats!$B$4:$B$8,1,FALSE),"Company")) -> 0 | V19: =IF(C19=$U$2,0,IFERROR(VLOOKUP(K19,Stats!$B$24:$B$27,1,FALSE),"Company")) -> 0 | W19: =IF(D19=$U$2,0,IFERROR(VLOOKUP(L19,Stats!$B$24:$B$27,1,FALSE),"Company")) -> 0 | X19: =IF(E19=$U$2,0,IFERROR(VLOOKUP(M19,Stats!$B$24:$B$27,1,FALSE),"Company")) -> 0 | Y19: =IF(F19=$U$2,0,IFERROR(VLOOKUP(N19,Stats!$B$24:$B$27,1,FALSE),"Company")) -> 0 | Z19: =COUNTIF(U19:Y19,$U$4) -> 0 | AM19: =BH19+BR19+CB19+CL19+CV19+DG19 -> 0 | AN19: =BI19+BS19+CC19+CM19+CW19+DH19 -> 0 | AO19: =BJ19+BT19+CD19+CN19+CX19+DI19 -> 0 | AP19: =IF(MAX(BK19,BU19,CE19,CO19,CY19,DJ19)>1,MAX(BK19,BU19,CE19,CO19,CY19,DJ19),BK19+BU19+CE19+CO19+CY19+DJ19) -> 0 | AQ19: =IF(AND(C17="Ordnance battery",(OR(K17="Shooting (mixed)",L17="Shooting (mixed)",M17="Shooting (mixed)",N17="Shooting (mixed)"))),1,IF(MAX(BL19,BV19,CF19,CP19,CZ19,DK19)>1,MAX(BL19,BV19,CF19,CP19,CZ19,DK19),BL19+BV19+CF19+CP19+CZ19+DK19)) -> 0 | AR19: =BM19+BW19+CG19+CQ19+DA19+DL19 -> 0 | AS19: =BN19+BX19+CH19+CR19+DB19+DM19 -> 0 | BC19: =IFERROR(VLOOKUP($O17,Relics,BC$2,FALSE),0) -> 0 | BD19: =IFERROR(VLOOKUP($O17,Relics,BD$2,FALSE),0) -> 0 | BG19: =IFERROR(VLOOKUP($C17,stats,BG$2,FALSE),0) -> 0 | BH19: =IFERROR(VLOOKUP($C17,stats,BH$2,FALSE),0) -> 0 | BI19: =IFERROR(VLOOKUP($C17,stats,BI$2,FALSE),0) -> 0 | BJ19: =IFERROR(VLOOKUP($C17,stats,BJ$2,FALSE),0) -> 0 | BK19: =IFERROR(VLOOKUP($C17,stats,BK$2,FALSE),0) -> 0 | BL19: =IFERROR(VLOOKUP($C17,stats,BL$2,FALSE),0) -> 0 | BM19: =IFERROR(VLOOKUP($C17,stats,BM$2,FALSE),0) -> 0 | BN19: =IFERROR(VLOOKUP($C17,stats,BN$2,FALSE),0) -> 0 | BO19: =IFERROR(VLOOKUP($C17,stats,BO$2,FALSE),0) -> 0 | BQ19: =IFERROR(VLOOKUP($K17,traits,BQ$2,FALSE),0) -> 0 | BR19: =IFERROR(VLOOKUP($K17,traits,BR$2,FALSE),0) -> 0 | BS19: =IFERROR(VLOOKUP($K17,traits,BS$2,FALSE),0) -> 0 | BT19: =IFERROR(VLOOKUP($K17,traits,BT$2,FALSE),0) -> 0 | BU19: =IFERROR(VLOOKUP($K17,traits,BU$2,FALSE),0) -> 0 | BV19: =IFERROR(VLOOKUP($K17,traits,BV$2,FALSE),0) -> 0 | BW19: =IFERROR(VLOOKUP($K17,traits,BW$2,FALSE),0) -> 0 | BX19: =IFERROR(VLOOKUP($K17,traits,BX$2,FALSE),0) -> 0 | BY19: =IFERROR(VLOOKUP($K17,traits,BY$2,FALSE),0) -> 0 | CA19: =IFERROR(VLOOKUP($L17,traits,CA$2,FALSE),0) -> 0 | CB19: =IFERROR(VLOOKUP($L17,traits,CB$2,FALSE),0) -> 0 | CC19: =IFERROR(VLOOKUP($L17,traits,CC$2,FALSE),0) -> 0 | CD19: =IFERROR(VLOOKUP($L17,traits,CD$2,FALSE),0) -> 0 | CE19: =IFERROR(VLOOKUP($L17,traits,CE$2,FALSE),0) -> 0 | CF19: =IFERROR(VLOOKUP($L17,traits,CF$2,FALSE),0) -> 0 | CG19: =IFERROR(VLOOKUP($L17,traits,CG$2,FALSE),0) -> 0 | CH19: =IFERROR(VLOOKUP($L17,traits,CH$2,FALSE),0) -> 0 | CI19: =IFERROR(VLOOKUP($L17,traits,CI$2,FALSE),0) -> 0 | CK19: =IFERROR(VLOOKUP($M17,traits,CK$2,FALSE),0) -> 0 | CL19: =IFERROR(VLOOKUP($M17,traits,CL$2,FALSE),0) -> 0 | CM19: =IFERROR(VLOOKUP($M17,traits,CM$2,FALSE),0) -> 0 | CN19: =IFERROR(VLOOKUP($M17,traits,CN$2,FALSE),0) -> 0 | CO19: =IFERROR(VLOOKUP($M17,traits,CO$2,FALSE),0) -> 0 | CP19: =IFERROR(VLOOKUP($M17,traits,CP$2,FALSE),0) -> 0 | CQ19: =IFERROR(VLOOKUP($M17,traits,CQ$2,FALSE),0) -> 0 | CR19: =IFERROR(VLOOKUP($M17,traits,CR$2,FALSE),0) -> 0 | CS19: =IFERROR(VLOOKUP($M17,traits,CS$2,FALSE),0) -> 0 | CU19: =IFERROR(VLOOKUP($N17,traits,CU$2,FALSE),0) -> 0 | CV19: =IFERROR(VLOOKUP($N17,traits,CV$2,FALSE),0) -> 0 | CW19: =IFERROR(VLOOKUP($N17,traits,CW$2,FALSE),0) -> 0 | CX19: =IFERROR(VLOOKUP($N17,traits,CX$2,FALSE),0) -> 0 | CY19: =IFERROR(VLOOKUP($N17,traits,CY$2,FALSE),0) -> 0 | CZ19: =IFERROR(VLOOKUP($N17,traits,CZ$2,FALSE),0) -> 0 | DA19: =IFERROR(VLOOKUP($N17,traits,DA$2,FALSE),0) -> 0 | DB19: =IFERROR(VLOOKUP($N17,traits,DB$2,FALSE),0) -> 0 | DC19: =IFERROR(VLOOKUP($N17,traits,DC$2,FALSE),0) -> 0 | DF19: =IFERROR(VLOOKUP($O17,Relics,DF$2,FALSE),0) -> 0 | DG19: =IFERROR(VLOOKUP($O17,Relics,DG$2,FALSE),0) -> 0 | DH19: =IFERROR(VLOOKUP($O17,Relics,DH$2,FALSE),0) -> 0 | DI19: =IFERROR(VLOOKUP($O17,Relics,DI$2,FALSE),0) -> 0 | DJ19: =IFERROR(VLOOKUP($O17,Relics,DJ$2,FALSE),0) -> 0 | DK19: =IFERROR(VLOOKUP($O17,Relics,DK$2,FALSE),0) -> 0 | DL19: =IFERROR(VLOOKUP($O17,Relics,DL$2,FALSE),0) -> 0 | DM19: =IFERROR(VLOOKUP($O17,Relics,DM$2,FALSE),0) -> 0 | DN19: =IFERROR(VLOOKUP($O17,Relics,DN$2,FALSE),0) -> 0
A20: 16 | D20: =AM22 -> 0 | E20: =AN22 -> 0 | F20: =AO22 -> 0 | G20: =AP22 -> 0 | H20: =AQ22 -> 0 | I20: =AR22 -> 0 | J20: =AS22 -> 0 | P20: =BO22+BY22+CI22+CS22+DC22+BD22 -> 0 | R20: =Q20*P20 -> 0 | U20: =IF(C20=$U$2,0,IFERROR(VLOOKUP($C20,Stats!$B$4:$B$8,1,FALSE),"Company")) -> 0 | V20: =IF(C20=$U$2,0,IFERROR(VLOOKUP(K20,Stats!$B$24:$B$27,1,FALSE),"Company")) -> 0 | W20: =IF(D20=$U$2,0,IFERROR(VLOOKUP(L20,Stats!$B$24:$B$27,1,FALSE),"Company")) -> 0 | X20: =IF(E20=$U$2,0,IFERROR(VLOOKUP(M20,Stats!$B$24:$B$27,1,FALSE),"Company")) -> 0 | Y20: =IF(F20=$U$2,0,IFERROR(VLOOKUP(N20,Stats!$B$24:$B$27,1,FALSE),"Company")) -> 0 | Z20: =COUNTIF(U20:Y20,$U$4) -> 0 | AM20: =BH20+BR20+CB20+CL20+CV20+DG20 -> 0 | AN20: =BI20+BS20+CC20+CM20+CW20+DH20 -> 0 | AO20: =BJ20+BT20+CD20+CN20+CX20+DI20 -> 0 | AP20: =IF(MAX(BK20,BU20,CE20,CO20,CY20,DJ20)>1,MAX(BK20,BU20,CE20,CO20,CY20,DJ20),BK20+BU20+CE20+CO20+CY20+DJ20) -> 0 | AQ20: =IF(AND(C18="Ordnance battery",(OR(K18="Shooting (mixed)",L18="Shooting (mixed)",M18="Shooting (mixed)",N18="Shooting (mixed)"))),1,IF(MAX(BL20,BV20,CF20,CP20,CZ20,DK20)>1,MAX(BL20,BV20,CF20,CP20,CZ20,DK20),BL20+BV20+CF20+CP20+CZ20+DK20)) -> 0 | AR20: =BM20+BW20+CG20+CQ20+DA20+DL20 -> 0 | AS20: =BN20+BX20+CH20+CR20+DB20+DM20 -> 0 | BC20: =IFERROR(VLOOKUP($O18,Relics,BC$2,FALSE),0) -> 0 | BD20: =IFERROR(VLOOKUP($O18,Relics,BD$2,FALSE),0) -> 0 | BG20: =IFERROR(VLOOKUP($C18,stats,BG$2,FALSE),0) -> 0 | BH20: =IFERROR(VLOOKUP($C18,stats,BH$2,FALSE),0) -> 0 | BI20: =IFERROR(VLOOKUP($C18,stats,BI$2,FALSE),0) -> 0 | BJ20: =IFERROR(VLOOKUP($C18,stats,BJ$2,FALSE),0) -> 0 | BK20: =IFERROR(VLOOKUP($C18,stats,BK$2,FALSE),0) -> 0 | BL20: =IFERROR(VLOOKUP($C18,stats,BL$2,FALSE),0) -> 0 | BM20: =IFERROR(VLOOKUP($C18,stats,BM$2,FALSE),0) -> 0 | BN20: =IFERROR(VLOOKUP($C18,stats,BN$2,FALSE),0) -> 0 | BO20: =IFERROR(VLOOKUP($C18,stats,BO$2,FALSE),0) -> 0 | BQ20: =IFERROR(VLOOKUP($K18,traits,BQ$2,FALSE),0) -> 0 | BR20: =IFERROR(VLOOKUP($K18,traits,BR$2,FALSE),0) -> 0 | BS20: =IFERROR(VLOOKUP($K18,traits,BS$2,FALSE),0) -> 0 | BT20: =IFERROR(VLOOKUP($K18,traits,BT$2,FALSE),0) -> 0 | BU20: =IFERROR(VLOOKUP($K18,traits,BU$2,FALSE),0) -> 0 | BV20: =IFERROR(VLOOKUP($K18,traits,BV$2,FALSE),0) -> 0 | BW20: =IFERROR(VLOOKUP($K18,traits,BW$2,FALSE),0) -> 0 | BX20: =IFERROR(VLOOKUP($K18,traits,BX$2,FALSE),0) -> 0 | BY20: =IFERROR(VLOOKUP($K18,traits,BY$2,FALSE),0) -> 0 | CA20: =IFERROR(VLOOKUP($L18,traits,CA$2,FALSE),0) -> 0 | CB20: =IFERROR(VLOOKUP($L18,traits,CB$2,FALSE),0) -> 0 | CC20: =IFERROR(VLOOKUP($L18,traits,CC$2,FALSE),0) -> 0 | CD20: =IFERROR(VLOOKUP($L18,traits,CD$2,FALSE),0) -> 0 | CE20: =IFERROR(VLOOKUP($L18,traits,CE$2,FALSE),0) -> 0 | CF20: =IFERROR(VLOOKUP($L18,traits,CF$2,FALSE),0) -> 0 | CG20: =IFERROR(VLOOKUP($L18,traits,CG$2,FALSE),0) -> 0 | CH20: =IFERROR(VLOOKUP($L18,traits,CH$2,FALSE),0) -> 0 | CI20: =IFERROR(VLOOKUP($L18,traits,CI$2,FALSE),0) -> 0 | CK20: =IFERROR(VLOOKUP($M18,traits,CK$2,FALSE),0) -> 0 | CL20: =IFERROR(VLOOKUP($M18,traits,CL$2,FALSE),0) -> 0 | CM20: =IFERROR(VLOOKUP($M18,traits,CM$2,FALSE),0) -> 0 | CN20: =IFERROR(VLOOKUP($M18,traits,CN$2,FALSE),0) -> 0 | CO20: =IFERROR(VLOOKUP($M18,traits,CO$2,FALSE),0) -> 0 | CP20: =IFERROR(VLOOKUP($M18,traits,CP$2,FALSE),0) -> 0 | CQ20: =IFERROR(VLOOKUP($M18,traits,CQ$2,FALSE),0) -> 0 | CR20: =IFERROR(VLOOKUP($M18,traits,CR$2,FALSE),0) -> 0 | CS20: =IFERROR(VLOOKUP($M18,traits,CS$2,FALSE),0) -> 0 | CU20: =IFERROR(VLOOKUP($N18,traits,CU$2,FALSE),0) -> 0 | CV20: =IFERROR(VLOOKUP($N18,traits,CV$2,FALSE),0) -> 0 | CW20: =IFERROR(VLOOKUP($N18,traits,CW$2,FALSE),0) -> 0 | CX20: =IFERROR(VLOOKUP($N18,traits,CX$2,FALSE),0) -> 0 | CY20: =IFERROR(VLOOKUP($N18,traits,CY$2,FALSE),0) -> 0 | CZ20: =IFERROR(VLOOKUP($N18,traits,CZ$2,FALSE),0) -> 0 | DA20: =IFERROR(VLOOKUP($N18,traits,DA$2,FALSE),0) -> 0 | DB20: =IFERROR(VLOOKUP($N18,traits,DB$2,FALSE),0) -> 0 | DC20: =IFERROR(VLOOKUP($N18,traits,DC$2,FALSE),0) -> 0 | DF20: =IFERROR(VLOOKUP($O18,Relics,DF$2,FALSE),0) -> 0 | DG20: =IFERROR(VLOOKUP($O18,Relics,DG$2,FALSE),0) -> 0 | DH20: =IFERROR(VLOOKUP($O18,Relics,DH$2,FALSE),0) -> 0 | DI20: =IFERROR(VLOOKUP($O18,Relics,DI$2,FALSE),0) -> 0 | DJ20: =IFERROR(VLOOKUP($O18,Relics,DJ$2,FALSE),0) -> 0 | DK20: =IFERROR(VLOOKUP($O18,Relics,DK$2,FALSE),0) -> 0 | DL20: =IFERROR(VLOOKUP($O18,Relics,DL$2,FALSE),0) -> 0 | DM20: =IFERROR(VLOOKUP($O18,Relics,DM$2,FALSE),0) -> 0 | DN20: =IFERROR(VLOOKUP($O18,Relics,DN$2,FALSE),0) -> 0
A21: 17 | D21: =AM23 -> 0 | E21: =AN23 -> 0 | F21: =AO23 -> 0 | G21: =AP23 -> 0 | H21: =AQ23 -> 0 | I21: =AR23 -> 0 | J21: =AS23 -> 0 | P21: =BO23+BY23+CI23+CS23+DC23+BD23 -> 0 | R21: =Q21*P21 -> 0 | U21: =IF(C21=$U$2,0,IFERROR(VLOOKUP($C21,Stats!$B$4:$B$8,1,FALSE),"Company")) -> 0 | V21: =IF(C21=$U$2,0,IFERROR(VLOOKUP(K21,Stats!$B$24:$B$27,1,FALSE),"Company")) -> 0 | W21: =IF(D21=$U$2,0,IFERROR(VLOOKUP(L21,Stats!$B$24:$B$27,1,FALSE),"Company")) -> 0 | X21: =IF(E21=$U$2,0,IFERROR(VLOOKUP(M21,Stats!$B$24:$B$27,1,FALSE),"Company")) -> 0 | Y21: =IF(F21=$U$2,0,IFERROR(VLOOKUP(N21,Stats!$B$24:$B$27,1,FALSE),"Company")) -> 0 | Z21: =COUNTIF(U21:Y21,$U$4) -> 0 | AM21: =BH21+BR21+CB21+CL21+CV21+DG21 -> 0 | AN21: =BI21+BS21+CC21+CM21+CW21+DH21 -> 0 | AO21: =BJ21+BT21+CD21+CN21+CX21+DI21 -> 0 | AP21: =IF(MAX(BK21,BU21,CE21,CO21,CY21,DJ21)>1,MAX(BK21,BU21,CE21,CO21,CY21,DJ21),BK21+BU21+CE21+CO21+CY21+DJ21) -> 0 | AQ21: =IF(AND(C19="Ordnance battery",(OR(K19="Shooting (mixed)",L19="Shooting (mixed)",M19="Shooting (mixed)",N19="Shooting (mixed)"))),1,IF(MAX(BL21,BV21,CF21,CP21,CZ21,DK21)>1,MAX(BL21,BV21,CF21,CP21,CZ21,DK21),BL21+BV21+CF21+CP21+CZ21+DK21)) -> 0 | AR21: =BM21+BW21+CG21+CQ21+DA21+DL21 -> 0 | AS21: =BN21+BX21+CH21+CR21+DB21+DM21 -> 0 | BC21: =IFERROR(VLOOKUP($O19,Relics,BC$2,FALSE),0) -> 0 | BD21: =IFERROR(VLOOKUP($O19,Relics,BD$2,FALSE),0) -> 0 | BG21: =IFERROR(VLOOKUP($C19,stats,BG$2,FALSE),0) -> 0 | BH21: =IFERROR(VLOOKUP($C19,stats,BH$2,FALSE),0) -> 0 | BI21: =IFERROR(VLOOKUP($C19,stats,BI$2,FALSE),0) -> 0 | BJ21: =IFERROR(VLOOKUP($C19,stats,BJ$2,FALSE),0) -> 0 | BK21: =IFERROR(VLOOKUP($C19,stats,BK$2,FALSE),0) -> 0 | BL21: =IFERROR(VLOOKUP($C19,stats,BL$2,FALSE),0) -> 0 | BM21: =IFERROR(VLOOKUP($C19,stats,BM$2,FALSE),0) -> 0 | BN21: =IFERROR(VLOOKUP($C19,stats,BN$2,FALSE),0) -> 0 | BO21: =IFERROR(VLOOKUP($C19,stats,BO$2,FALSE),0) -> 0 | BQ21: =IFERROR(VLOOKUP($K19,traits,BQ$2,FALSE),0) -> 0 | BR21: =IFERROR(VLOOKUP($K19,traits,BR$2,FALSE),0) -> 0 | BS21: =IFERROR(VLOOKUP($K19,traits,BS$2,FALSE),0) -> 0 | BT21: =IFERROR(VLOOKUP($K19,traits,BT$2,FALSE),0) -> 0 | BU21: =IFERROR(VLOOKUP($K19,traits,BU$2,FALSE),0) -> 0 | BV21: =IFERROR(VLOOKUP($K19,traits,BV$2,FALSE),0) -> 0 | BW21: =IFERROR(VLOOKUP($K19,traits,BW$2,FALSE),0) -> 0 | BX21: =IFERROR(VLOOKUP($K19,traits,BX$2,FALSE),0) -> 0 | BY21: =IFERROR(VLOOKUP($K19,traits,BY$2,FALSE),0) -> 0 | CA21: =IFERROR(VLOOKUP($L19,traits,CA$2,FALSE),0) -> 0 | CB21: =IFERROR(VLOOKUP($L19,traits,CB$2,FALSE),0) -> 0 | CC21: =IFERROR(VLOOKUP($L19,traits,CC$2,FALSE),0) -> 0 | CD21: =IFERROR(VLOOKUP($L19,traits,CD$2,FALSE),0) -> 0 | CE21: =IFERROR(VLOOKUP($L19,traits,CE$2,FALSE),0) -> 0 | CF21: =IFERROR(VLOOKUP($L19,traits,CF$2,FALSE),0) -> 0 | CG21: =IFERROR(VLOOKUP($L19,traits,CG$2,FALSE),0) -> 0 | CH21: =IFERROR(VLOOKUP($L19,traits,CH$2,FALSE),0) -> 0 | CI21: =IFERROR(VLOOKUP($L19,traits,CI$2,FALSE),0) -> 0 | CK21: =IFERROR(VLOOKUP($M19,traits,CK$2,FALSE),0) -> 0 | CL21: =IFERROR(VLOOKUP($M19,traits,CL$2,FALSE),0) -> 0 | CM21: =IFERROR(VLOOKUP($M19,traits,CM$2,FALSE),0) -> 0 | CN21: =IFERROR(VLOOKUP($M19,traits,CN$2,FALSE),0) -> 0 | CO21: =IFERROR(VLOOKUP($M19,traits,CO$2,FALSE),0) -> 0 | CP21: =IFERROR(VLOOKUP($M19,traits,CP$2,FALSE),0) -> 0 | CQ21: =IFERROR(VLOOKUP($M19,traits,CQ$2,FALSE),0) -> 0 | CR21: =IFERROR(VLOOKUP($M19,traits,CR$2,FALSE),0) -> 0 | CS21: =IFERROR(VLOOKUP($M19,traits,CS$2,FALSE),0) -> 0 | CU21: =IFERROR(VLOOKUP($N19,traits,CU$2,FALSE),0) -> 0 | CV21: =IFERROR(VLOOKUP($N19,traits,CV$2,FALSE),0) -> 0 | CW21: =IFERROR(VLOOKUP($N19,traits,CW$2,FALSE),0) -> 0 | CX21: =IFERROR(VLOOKUP($N19,traits,CX$2,FALSE),0) -> 0 | CY21: =IFERROR(VLOOKUP($N19,traits,CY$2,FALSE),0) -> 0 | CZ21: =IFERROR(VLOOKUP($N19,traits,CZ$2,FALSE),0) -> 0 | DA21: =IFERROR(VLOOKUP($N19,traits,DA$2,FALSE),0) -> 0 | DB21: =IFERROR(VLOOKUP($N19,traits,DB$2,FALSE),0) -> 0 | DC21: =IFERROR(VLOOKUP($N19,traits,DC$2,FALSE),0) -> 0 | DF21: =IFERROR(VLOOKUP($O19,Relics,DF$2,FALSE),0) -> 0 | DG21: =IFERROR(VLOOKUP($O19,Relics,DG$2,FALSE),0) -> 0 | DH21: =IFERROR(VLOOKUP($O19,Relics,DH$2,FALSE),0) -> 0 | DI21: =IFERROR(VLOOKUP($O19,Relics,DI$2,FALSE),0) -> 0 | DJ21: =IFERROR(VLOOKUP($O19,Relics,DJ$2,FALSE),0) -> 0 | DK21: =IFERROR(VLOOKUP($O19,Relics,DK$2,FALSE),0) -> 0 | DL21: =IFERROR(VLOOKUP($O19,Relics,DL$2,FALSE),0) -> 0 | DM21: =IFERROR(VLOOKUP($O19,Relics,DM$2,FALSE),0) -> 0 | DN21: =IFERROR(VLOOKUP($O19,Relics,DN$2,FALSE),0) -> 0
A22: 18 | D22: =AM24 -> 0 | E22: =AN24 -> 0 | F22: =AO24 -> 0 | G22: =AP24 -> 0 | H22: =AQ24 -> 0 | I22: =AR24 -> 0 | J22: =AS24 -> 0 | P22: =BO24+BY24+CI24+CS24+DC24+BD24 -> 0 | R22: =Q22*P22 -> 0 | U22: =IF(C22=$U$2,0,IFERROR(VLOOKUP($C22,Stats!$B$4:$B$8,1,FALSE),"Company")) -> 0 | V22: =IF(C22=$U$2,0,IFERROR(VLOOKUP(K22,Stats!$B$24:$B$27,1,FALSE),"Company")) -> 0 | W22: =IF(D22=$U$2,0,IFERROR(VLOOKUP(L22,Stats!$B$24:$B$27,1,FALSE),"Company")) -> 0 | X22: =IF(E22=$U$2,0,IFERROR(VLOOKUP(M22,Stats!$B$24:$B$27,1,FALSE),"Company")) -> 0 | Y22: =IF(F22=$U$2,0,IFERROR(VLOOKUP(N22,Stats!$B$24:$B$27,1,FALSE),"Company")) -> 0 | Z22: =COUNTIF(U22:Y22,$U$4) -> 0 | AM22: =BH22+BR22+CB22+CL22+CV22+DG22 -> 0 | AN22: =BI22+BS22+CC22+CM22+CW22+DH22 -> 0 | AO22: =BJ22+BT22+CD22+CN22+CX22+DI22 -> 0 | AP22: =IF(MAX(BK22,BU22,CE22,CO22,CY22,DJ22)>1,MAX(BK22,BU22,CE22,CO22,CY22,DJ22),BK22+BU22+CE22+CO22+CY22+DJ22) -> 0 | AQ22: =IF(AND(C20="Ordnance battery",(OR(K20="Shooting (mixed)",L20="Shooting (mixed)",M20="Shooting (mixed)",N20="Shooting (mixed)"))),1,IF(MAX(BL22,BV22,CF22,CP22,CZ22,DK22)>1,MAX(BL22,BV22,CF22,CP22,CZ22,DK22),BL22+BV22+CF22+CP22+CZ22+DK22)) -> 0 | AR22: =BM22+BW22+CG22+CQ22+DA22+DL22 -> 0 | AS22: =BN22+BX22+CH22+CR22+DB22+DM22 -> 0 | BC22: =IFERROR(VLOOKUP($O20,Relics,BC$2,FALSE),0) -> 0 | BD22: =IFERROR(VLOOKUP($O20,Relics,BD$2,FALSE),0) -> 0 | BG22: =IFERROR(VLOOKUP($C20,stats,BG$2,FALSE),0) -> 0 | BH22: =IFERROR(VLOOKUP($C20,stats,BH$2,FALSE),0) -> 0 | BI22: =IFERROR(VLOOKUP($C20,stats,BI$2,FALSE),0) -> 0 | BJ22: =IFERROR(VLOOKUP($C20,stats,BJ$2,FALSE),0) -> 0 | BK22: =IFERROR(VLOOKUP($C20,stats,BK$2,FALSE),0) -> 0 | BL22: =IFERROR(VLOOKUP($C20,stats,BL$2,FALSE),0) -> 0 | BM22: =IFERROR(VLOOKUP($C20,stats,BM$2,FALSE),0) -> 0 | BN22: =IFERROR(VLOOKUP($C20,stats,BN$2,FALSE),0) -> 0 | BO22: =IFERROR(VLOOKUP($C20,stats,BO$2,FALSE),0) -> 0 | BQ22: =IFERROR(VLOOKUP($K20,traits,BQ$2,FALSE),0) -> 0 | BR22: =IFERROR(VLOOKUP($K20,traits,BR$2,FALSE),0) -> 0 | BS22: =IFERROR(VLOOKUP($K20,traits,BS$2,FALSE),0) -> 0 | BT22: =IFERROR(VLOOKUP($K20,traits,BT$2,FALSE),0) -> 0 | BU22: =IFERROR(VLOOKUP($K20,traits,BU$2,FALSE),0) -> 0 | BV22: =IFERROR(VLOOKUP($K20,traits,BV$2,FALSE),0) -> 0 | BW22: =IFERROR(VLOOKUP($K20,traits,BW$2,FALSE),0) -> 0 | BX22: =IFERROR(VLOOKUP($K20,traits,BX$2,FALSE),0) -> 0 | BY22: =IFERROR(VLOOKUP($K20,traits,BY$2,FALSE),0) -> 0 | CA22: =IFERROR(VLOOKUP($L20,traits,CA$2,FALSE),0) -> 0 | CB22: =IFERROR(VLOOKUP($L20,traits,CB$2,FALSE),0) -> 0 | CC22: =IFERROR(VLOOKUP($L20,traits,CC$2,FALSE),0) -> 0 | CD22: =IFERROR(VLOOKUP($L20,traits,CD$2,FALSE),0) -> 0 | CE22: =IFERROR(VLOOKUP($L20,traits,CE$2,FALSE),0) -> 0 | CF22: =IFERROR(VLOOKUP($L20,traits,CF$2,FALSE),0) -> 0 | CG22: =IFERROR(VLOOKUP($L20,traits,CG$2,FALSE),0) -> 0 | CH22: =IFERROR(VLOOKUP($L20,traits,CH$2,FALSE),0) -> 0 | CI22: =IFERROR(VLOOKUP($L20,traits,CI$2,FALSE),0) -> 0 | CK22: =IFERROR(VLOOKUP($M20,traits,CK$2,FALSE),0) -> 0 | CL22: =IFERROR(VLOOKUP($M20,traits,CL$2,FALSE),0) -> 0 | CM22: =IFERROR(VLOOKUP($M20,traits,CM$2,FALSE),0) -> 0 | CN22: =IFERROR(VLOOKUP($M20,traits,CN$2,FALSE),0) -> 0 | CO22: =IFERROR(VLOOKUP($M20,traits,CO$2,FALSE),0) -> 0 | CP22: =IFERROR(VLOOKUP($M20,traits,CP$2,FALSE),0) -> 0 | CQ22: =IFERROR(VLOOKUP($M20,traits,CQ$2,FALSE),0) -> 0 | CR22: =IFERROR(VLOOKUP($M20,traits,CR$2,FALSE),0) -> 0 | CS22: =IFERROR(VLOOKUP($M20,traits,CS$2,FALSE),0) -> 0 | CU22: =IFERROR(VLOOKUP($N20,traits,CU$2,FALSE),0) -> 0 | CV22: =IFERROR(VLOOKUP($N20,traits,CV$2,FALSE),0) -> 0 | CW22: =IFERROR(VLOOKUP($N20,traits,CW$2,FALSE),0) -> 0 | CX22: =IFERROR(VLOOKUP($N20,traits,CX$2,FALSE),0) -> 0 | CY22: =IFERROR(VLOOKUP($N20,traits,CY$2,FALSE),0) -> 0 | CZ22: =IFERROR(VLOOKUP($N20,traits,CZ$2,FALSE),0) -> 0 | DA22: =IFERROR(VLOOKUP($N20,traits,DA$2,FALSE),0) -> 0 | DB22: =IFERROR(VLOOKUP($N20,traits,DB$2,FALSE),0) -> 0 | DC22: =IFERROR(VLOOKUP($N20,traits,DC$2,FALSE),0) -> 0 | DF22: =IFERROR(VLOOKUP($O20,Relics,DF$2,FALSE),0) -> 0 | DG22: =IFERROR(VLOOKUP($O20,Relics,DG$2,FALSE),0) -> 0 | DH22: =IFERROR(VLOOKUP($O20,Relics,DH$2,FALSE),0) -> 0 | DI22: =IFERROR(VLOOKUP($O20,Relics,DI$2,FALSE),0) -> 0 | DJ22: =IFERROR(VLOOKUP($O20,Relics,DJ$2,FALSE),0) -> 0 | DK22: =IFERROR(VLOOKUP($O20,Relics,DK$2,FALSE),0) -> 0 | DL22: =IFERROR(VLOOKUP($O20,Relics,DL$2,FALSE),0) -> 0 | DM22: =IFERROR(VLOOKUP($O20,Relics,DM$2,FALSE),0) -> 0 | DN22: =IFERROR(VLOOKUP($O20,Relics,DN$2,FALSE),0) -> 0
A23: 19 | D23: =AM25 -> 0 | E23: =AN25 -> 0 | F23: =AO25 -> 0 | G23: =AP25 -> 0 | H23: =AQ25 -> 0 | I23: =AR25 -> 0 | J23: =AS25 -> 0 | P23: =BO25+BY25+CI25+CS25+DC25+BD25 -> 0 | R23: =Q23*P23 -> 0 | U23: =IF(C23=$U$2,0,IFERROR(VLOOKUP($C23,Stats!$B$4:$B$8,1,FALSE),"Company")) -> 0 | V23: =IF(C23=$U$2,0,IFERROR(VLOOKUP(K23,Stats!$B$24:$B$27,1,FALSE),"Company")) -> 0 | W23: =IF(D23=$U$2,0,IFERROR(VLOOKUP(L23,Stats!$B$24:$B$27,1,FALSE),"Company")) -> 0 | X23: =IF(E23=$U$2,0,IFERROR(VLOOKUP(M23,Stats!$B$24:$B$27,1,FALSE),"Company")) -> 0 | Y23: =IF(F23=$U$2,0,IFERROR(VLOOKUP(N23,Stats!$B$24:$B$27,1,FALSE),"Company")) -> 0 | Z23: =COUNTIF(U23:Y23,$U$4) -> 0 | AM23: =BH23+BR23+CB23+CL23+CV23+DG23 -> 0 | AN23: =BI23+BS23+CC23+CM23+CW23+DH23 -> 0 | AO23: =BJ23+BT23+CD23+CN23+CX23+DI23 -> 0 | AP23: =IF(MAX(BK23,BU23,CE23,CO23,CY23,DJ23)>1,MAX(BK23,BU23,CE23,CO23,CY23,DJ23),BK23+BU23+CE23+CO23+CY23+DJ23) -> 0 | AQ23: =IF(AND(C21="Ordnance battery",(OR(K21="Shooting (mixed)",L21="Shooting (mixed)",M21="Shooting (mixed)",N21="Shooting (mixed)"))),1,IF(MAX(BL23,BV23,CF23,CP23,CZ23,DK23)>1,MAX(BL23,BV23,CF23,CP23,CZ23,DK23),BL23+BV23+CF23+CP23+CZ23+DK23)) -> 0 | AR23: =BM23+BW23+CG23+CQ23+DA23+DL23 -> 0 | AS23: =BN23+BX23+CH23+CR23+DB23+DM23 -> 0 | BC23: =IFERROR(VLOOKUP($O21,Relics,BC$2,FALSE),0) -> 0 | BD23: =IFERROR(VLOOKUP($O21,Relics,BD$2,FALSE),0) -> 0 | BG23: =IFERROR(VLOOKUP($C21,stats,BG$2,FALSE),0) -> 0 | BH23: =IFERROR(VLOOKUP($C21,stats,BH$2,FALSE),0) -> 0 | BI23: =IFERROR(VLOOKUP($C21,stats,BI$2,FALSE),0) -> 0 | BJ23: =IFERROR(VLOOKUP($C21,stats,BJ$2,FALSE),0) -> 0 | BK23: =IFERROR(VLOOKUP($C21,stats,BK$2,FALSE),0) -> 0 | BL23: =IFERROR(VLOOKUP($C21,stats,BL$2,FALSE),0) -> 0 | BM23: =IFERROR(VLOOKUP($C21,stats,BM$2,FALSE),0) -> 0 | BN23: =IFERROR(VLOOKUP($C21,stats,BN$2,FALSE),0) -> 0 | BO23: =IFERROR(VLOOKUP($C21,stats,BO$2,FALSE),0) -> 0 | BQ23: =IFERROR(VLOOKUP($K21,traits,BQ$2,FALSE),0) -> 0 | BR23: =IFERROR(VLOOKUP($K21,traits,BR$2,FALSE),0) -> 0 | BS23: =IFERROR(VLOOKUP($K21,traits,BS$2,FALSE),0) -> 0 | BT23: =IFERROR(VLOOKUP($K21,traits,BT$2,FALSE),0) -> 0 | BU23: =IFERROR(VLOOKUP($K21,traits,BU$2,FALSE),0) -> 0 | BV23: =IFERROR(VLOOKUP($K21,traits,BV$2,FALSE),0) -> 0 | BW23: =IFERROR(VLOOKUP($K21,traits,BW$2,FALSE),0) -> 0 | BX23: =IFERROR(VLOOKUP($K21,traits,BX$2,FALSE),0) -> 0 | BY23: =IFERROR(VLOOKUP($K21,traits,BY$2,FALSE),0) -> 0 | CA23: =IFERROR(VLOOKUP($L21,traits,CA$2,FALSE),0) -> 0 | CB23: =IFERROR(VLOOKUP($L21,traits,CB$2,FALSE),0) -> 0 | CC23: =IFERROR(VLOOKUP($L21,traits,CC$2,FALSE),0) -> 0 | CD23: =IFERROR(VLOOKUP($L21,traits,CD$2,FALSE),0) -> 0 | CE23: =IFERROR(VLOOKUP($L21,traits,CE$2,FALSE),0) -> 0 | CF23: =IFERROR(VLOOKUP($L21,traits,CF$2,FALSE),0) -> 0 | CG23: =IFERROR(VLOOKUP($L21,traits,CG$2,FALSE),0) -> 0 | CH23: =IFERROR(VLOOKUP($L21,traits,CH$2,FALSE),0) -> 0 | CI23: =IFERROR(VLOOKUP($L21,traits,CI$2,FALSE),0) -> 0 | CK23: =IFERROR(VLOOKUP($M21,traits,CK$2,FALSE),0) -> 0 | CL23: =IFERROR(VLOOKUP($M21,traits,CL$2,FALSE),0) -> 0 | CM23: =IFERROR(VLOOKUP($M21,traits,CM$2,FALSE),0) -> 0 | CN23: =IFERROR(VLOOKUP($M21,traits,CN$2,FALSE),0) -> 0 | CO23: =IFERROR(VLOOKUP($M21,traits,CO$2,FALSE),0) -> 0 | CP23: =IFERROR(VLOOKUP($M21,traits,CP$2,FALSE),0) -> 0 | CQ23: =IFERROR(VLOOKUP($M21,traits,CQ$2,FALSE),0) -> 0 | CR23: =IFERROR(VLOOKUP($M21,traits,CR$2,FALSE),0) -> 0 | CS23: =IFERROR(VLOOKUP($M21,traits,CS$2,FALSE),0) -> 0 | CU23: =IFERROR(VLOOKUP($N21,traits,CU$2,FALSE),0) -> 0 | CV23: =IFERROR(VLOOKUP($N21,traits,CV$2,FALSE),0) -> 0 | CW23: =IFERROR(VLOOKUP($N21,traits,CW$2,FALSE),0) -> 0 | CX23: =IFERROR(VLOOKUP($N21,traits,CX$2,FALSE),0) -> 0 | CY23: =IFERROR(VLOOKUP($N21,traits,CY$2,FALSE),0) -> 0 | CZ23: =IFERROR(VLOOKUP($N21,traits,CZ$2,FALSE),0) -> 0 | DA23: =IFERROR(VLOOKUP($N21,traits,DA$2,FALSE),0) -> 0 | DB23: =IFERROR(VLOOKUP($N21,traits,DB$2,FALSE),0) -> 0 | DC23: =IFERROR(VLOOKUP($N21,traits,DC$2,FALSE),0) -> 0 | DF23: =IFERROR(VLOOKUP($O21,Relics,DF$2,FALSE),0) -> 0 | DG23: =IFERROR(VLOOKUP($O21,Relics,DG$2,FALSE),0) -> 0 | DH23: =IFERROR(VLOOKUP($O21,Relics,DH$2,FALSE),0) -> 0 | DI23: =IFERROR(VLOOKUP($O21,Relics,DI$2,FALSE),0) -> 0 | DJ23: =IFERROR(VLOOKUP($O21,Relics,DJ$2,FALSE),0) -> 0 | DK23: =IFERROR(VLOOKUP($O21,Relics,DK$2,FALSE),0) -> 0 | DL23: =IFERROR(VLOOKUP($O21,Relics,DL$2,FALSE),0) -> 0 | DM23: =IFERROR(VLOOKUP($O21,Relics,DM$2,FALSE),0) -> 0 | DN23: =IFERROR(VLOOKUP($O21,Relics,DN$2,FALSE),0) -> 0
A24: 20 | D24: =AM26 -> 0 | E24: =AN26 -> 0 | F24: =AO26 -> 0 | G24: =AP26 -> 0 | H24: =AQ26 -> 0 | I24: =AR26 -> 0 | J24: =AS26 -> 0 | P24: =BO26+BY26+CI26+CS26+DC26+BD26 -> 0 | R24: =Q24*P24 -> 0 | U24: =IF(C24=$U$2,0,IFERROR(VLOOKUP($C24,Stats!$B$4:$B$8,1,FALSE),"Company")) -> 0 | V24: =IF(C24=$U$2,0,IFERROR(VLOOKUP(K24,Stats!$B$24:$B$27,1,FALSE),"Company")) -> 0 | W24: =IF(D24=$U$2,0,IFERROR(VLOOKUP(L24,Stats!$B$24:$B$27,1,FALSE),"Company")) -> 0 | X24: =IF(E24=$U$2,0,IFERROR(VLOOKUP(M24,Stats!$B$24:$B$27,1,FALSE),"Company")) -> 0 | Y24: =IF(F24=$U$2,0,IFERROR(VLOOKUP(N24,Stats!$B$24:$B$27,1,FALSE),"Company")) -> 0 | Z24: =COUNTIF(U24:Y24,$U$4) -> 0 | AM24: =BH24+BR24+CB24+CL24+CV24+DG24 -> 0 | AN24: =BI24+BS24+CC24+CM24+CW24+DH24 -> 0 | AO24: =BJ24+BT24+CD24+CN24+CX24+DI24 -> 0 | AP24: =IF(MAX(BK24,BU24,CE24,CO24,CY24,DJ24)>1,MAX(BK24,BU24,CE24,CO24,CY24,DJ24),BK24+BU24+CE24+CO24+CY24+DJ24) -> 0 | AQ24: =IF(AND(C22="Ordnance battery",(OR(K22="Shooting (mixed)",L22="Shooting (mixed)",M22="Shooting (mixed)",N22="Shooting (mixed)"))),1,IF(MAX(BL24,BV24,CF24,CP24,CZ24,DK24)>1,MAX(BL24,BV24,CF24,CP24,CZ24,DK24),BL24+BV24+CF24+CP24+CZ24+DK24)) -> 0 | AR24: =BM24+BW24+CG24+CQ24+DA24+DL24 -> 0 | AS24: =BN24+BX24+CH24+CR24+DB24+DM24 -> 0 | BC24: =IFERROR(VLOOKUP($O22,Relics,BC$2,FALSE),0) -> 0 | BD24: =IFERROR(VLOOKUP($O22,Relics,BD$2,FALSE),0) -> 0 | BG24: =IFERROR(VLOOKUP($C22,stats,BG$2,FALSE),0) -> 0 | BH24: =IFERROR(VLOOKUP($C22,stats,BH$2,FALSE),0) -> 0 | BI24: =IFERROR(VLOOKUP($C22,stats,BI$2,FALSE),0) -> 0 | BJ24: =IFERROR(VLOOKUP($C22,stats,BJ$2,FALSE),0) -> 0 | BK24: =IFERROR(VLOOKUP($C22,stats,BK$2,FALSE),0) -> 0 | BL24: =IFERROR(VLOOKUP($C22,stats,BL$2,FALSE),0) -> 0 | BM24: =IFERROR(VLOOKUP($C22,stats,BM$2,FALSE),0) -> 0 | BN24: =IFERROR(VLOOKUP($C22,stats,BN$2,FALSE),0) -> 0 | BO24: =IFERROR(VLOOKUP($C22,stats,BO$2,FALSE),0) -> 0 | BQ24: =IFERROR(VLOOKUP($K22,traits,BQ$2,FALSE),0) -> 0 | BR24: =IFERROR(VLOOKUP($K22,traits,BR$2,FALSE),0) -> 0 | BS24: =IFERROR(VLOOKUP($K22,traits,BS$2,FALSE),0) -> 0 | BT24: =IFERROR(VLOOKUP($K22,traits,BT$2,FALSE),0) -> 0 | BU24: =IFERROR(VLOOKUP($K22,traits,BU$2,FALSE),0) -> 0 | BV24: =IFERROR(VLOOKUP($K22,traits,BV$2,FALSE),0) -> 0 | BW24: =IFERROR(VLOOKUP($K22,traits,BW$2,FALSE),0) -> 0 | BX24: =IFERROR(VLOOKUP($K22,traits,BX$2,FALSE),0) -> 0 | BY24: =IFERROR(VLOOKUP($K22,traits,BY$2,FALSE),0) -> 0 | CA24: =IFERROR(VLOOKUP($L22,traits,CA$2,FALSE),0) -> 0 | CB24: =IFERROR(VLOOKUP($L22,traits,CB$2,FALSE),0) -> 0 | CC24: =IFERROR(VLOOKUP($L22,traits,CC$2,FALSE),0) -> 0 | CD24: =IFERROR(VLOOKUP($L22,traits,CD$2,FALSE),0) -> 0 | CE24: =IFERROR(VLOOKUP($L22,traits,CE$2,FALSE),0) -> 0 | CF24: =IFERROR(VLOOKUP($L22,traits,CF$2,FALSE),0) -> 0 | CG24: =IFERROR(VLOOKUP($L22,traits,CG$2,FALSE),0) -> 0 | CH24: =IFERROR(VLOOKUP($L22,traits,CH$2,FALSE),0) -> 0 | CI24: =IFERROR(VLOOKUP($L22,traits,CI$2,FALSE),0) -> 0 | CK24: =IFERROR(VLOOKUP($M22,traits,CK$2,FALSE),0) -> 0 | CL24: =IFERROR(VLOOKUP($M22,traits,CL$2,FALSE),0) -> 0 | CM24: =IFERROR(VLOOKUP($M22,traits,CM$2,FALSE),0) -> 0 | CN24: =IFERROR(VLOOKUP($M22,traits,CN$2,FALSE),0) -> 0 | CO24: =IFERROR(VLOOKUP($M22,traits,CO$2,FALSE),0) -> 0 | CP24: =IFERROR(VLOOKUP($M22,traits,CP$2,FALSE),0) -> 0 | CQ24: =IFERROR(VLOOKUP($M22,traits,CQ$2,FALSE),0) -> 0 | CR24: =IFERROR(VLOOKUP($M22,traits,CR$2,FALSE),0) -> 0 | CS24: =IFERROR(VLOOKUP($M22,traits,CS$2,FALSE),0) -> 0 | CU24: =IFERROR(VLOOKUP($N22,traits,CU$2,FALSE),0) -> 0 | CV24: =IFERROR(VLOOKUP($N22,traits,CV$2,FALSE),0) -> 0 | CW24: =IFERROR(VLOOKUP($N22,traits,CW$2,FALSE),0) -> 0 | CX24: =IFERROR(VLOOKUP($N22,traits,CX$2,FALSE),0) -> 0 | CY24: =IFERROR(VLOOKUP($N22,traits,CY$2,FALSE),0) -> 0 | CZ24: =IFERROR(VLOOKUP($N22,traits,CZ$2,FALSE),0) -> 0 | DA24: =IFERROR(VLOOKUP($N22,traits,DA$2,FALSE),0) -> 0 | DB24: =IFERROR(VLOOKUP($N22,traits,DB$2,FALSE),0) -> 0 | DC24: =IFERROR(VLOOKUP($N22,traits,DC$2,FALSE),0) -> 0 | DF24: =IFERROR(VLOOKUP($O22,Relics,DF$2,FALSE),0) -> 0 | DG24: =IFERROR(VLOOKUP($O22,Relics,DG$2,FALSE),0) -> 0 | DH24: =IFERROR(VLOOKUP($O22,Relics,DH$2,FALSE),0) -> 0 | DI24: =IFERROR(VLOOKUP($O22,Relics,DI$2,FALSE),0) -> 0 | DJ24: =IFERROR(VLOOKUP($O22,Relics,DJ$2,FALSE),0) -> 0 | DK24: =IFERROR(VLOOKUP($O22,Relics,DK$2,FALSE),0) -> 0 | DL24: =IFERROR(VLOOKUP($O22,Relics,DL$2,FALSE),0) -> 0 | DM24: =IFERROR(VLOOKUP($O22,Relics,DM$2,FALSE),0) -> 0 | DN24: =IFERROR(VLOOKUP($O22,Relics,DN$2,FALSE),0) -> 0
A25: 21 | D25: =AM27 -> 0 | E25: =AN27 -> 0 | F25: =AO27 -> 0 | G25: =AP27 -> 0 | H25: =AQ27 -> 0 | I25: =AR27 -> 0 | J25: =AS27 -> 0 | P25: =BO27+BY27+CI27+CS27+DC27+BD27 -> 0 | R25: =Q25*P25 -> 0 | U25: =IF(C25=$U$2,0,IFERROR(VLOOKUP($C25,Stats!$B$4:$B$8,1,FALSE),"Company")) -> 0 | V25: =IF(C25=$U$2,0,IFERROR(VLOOKUP(K25,Stats!$B$24:$B$27,1,FALSE),"Company")) -> 0 | W25: =IF(D25=$U$2,0,IFERROR(VLOOKUP(L25,Stats!$B$24:$B$27,1,FALSE),"Company")) -> 0 | X25: =IF(E25=$U$2,0,IFERROR(VLOOKUP(M25,Stats!$B$24:$B$27,1,FALSE),"Company")) -> 0 | Y25: =IF(F25=$U$2,0,IFERROR(VLOOKUP(N25,Stats!$B$24:$B$27,1,FALSE),"Company")) -> 0 | Z25: =COUNTIF(U25:Y25,$U$4) -> 0 | AM25: =BH25+BR25+CB25+CL25+CV25+DG25 -> 0 | AN25: =BI25+BS25+CC25+CM25+CW25+DH25 -> 0 | AO25: =BJ25+BT25+CD25+CN25+CX25+DI25 -> 0 | AP25: =IF(MAX(BK25,BU25,CE25,CO25,CY25,DJ25)>1,MAX(BK25,BU25,CE25,CO25,CY25,DJ25),BK25+BU25+CE25+CO25+CY25+DJ25) -> 0 | AQ25: =IF(AND(C23="Ordnance battery",(OR(K23="Shooting (mixed)",L23="Shooting (mixed)",M23="Shooting (mixed)",N23="Shooting (mixed)"))),1,IF(MAX(BL25,BV25,CF25,CP25,CZ25,DK25)>1,MAX(BL25,BV25,CF25,CP25,CZ25,DK25),BL25+BV25+CF25+CP25+CZ25+DK25)) -> 0 | AR25: =BM25+BW25+CG25+CQ25+DA25+DL25 -> 0 | AS25: =BN25+BX25+CH25+CR25+DB25+DM25 -> 0 | BC25: =IFERROR(VLOOKUP($O23,Relics,BC$2,FALSE),0) -> 0 | BD25: =IFERROR(VLOOKUP($O23,Relics,BD$2,FALSE),0) -> 0 | BG25: =IFERROR(VLOOKUP($C23,stats,BG$2,FALSE),0) -> 0 | BH25: =IFERROR(VLOOKUP($C23,stats,BH$2,FALSE),0) -> 0 | BI25: =IFERROR(VLOOKUP($C23,stats,BI$2,FALSE),0) -> 0 | BJ25: =IFERROR(VLOOKUP($C23,stats,BJ$2,FALSE),0) -> 0 | BK25: =IFERROR(VLOOKUP($C23,stats,BK$2,FALSE),0) -> 0 | BL25: =IFERROR(VLOOKUP($C23,stats,BL$2,FALSE),0) -> 0 | BM25: =IFERROR(VLOOKUP($C23,stats,BM$2,FALSE),0) -> 0 | BN25: =IFERROR(VLOOKUP($C23,stats,BN$2,FALSE),0) -> 0 | BO25: =IFERROR(VLOOKUP($C23,stats,BO$2,FALSE),0) -> 0 | BQ25: =IFERROR(VLOOKUP($K23,traits,BQ$2,FALSE),0) -> 0 | BR25: =IFERROR(VLOOKUP($K23,traits,BR$2,FALSE),0) -> 0 | BS25: =IFERROR(VLOOKUP($K23,traits,BS$2,FALSE),0) -> 0 | BT25: =IFERROR(VLOOKUP($K23,traits,BT$2,FALSE),0) -> 0 | BU25: =IFERROR(VLOOKUP($K23,traits,BU$2,FALSE),0) -> 0 | BV25: =IFERROR(VLOOKUP($K23,traits,BV$2,FALSE),0) -> 0 | BW25: =IFERROR(VLOOKUP($K23,traits,BW$2,FALSE),0) -> 0 | BX25: =IFERROR(VLOOKUP($K23,traits,BX$2,FALSE),0) -> 0 | BY25: =IFERROR(VLOOKUP($K23,traits,BY$2,FALSE),0) -> 0 | CA25: =IFERROR(VLOOKUP($L23,traits,CA$2,FALSE),0) -> 0 | CB25: =IFERROR(VLOOKUP($L23,traits,CB$2,FALSE),0) -> 0 | CC25: =IFERROR(VLOOKUP($L23,traits,CC$2,FALSE),0) -> 0 | CD25: =IFERROR(VLOOKUP($L23,traits,CD$2,FALSE),0) -> 0 | CE25: =IFERROR(VLOOKUP($L23,traits,CE$2,FALSE),0) -> 0 | CF25: =IFERROR(VLOOKUP($L23,traits,CF$2,FALSE),0) -> 0 | CG25: =IFERROR(VLOOKUP($L23,traits,CG$2,FALSE),0) -> 0 | CH25: =IFERROR(VLOOKUP($L23,traits,CH$2,FALSE),0) -> 0 | CI25: =IFERROR(VLOOKUP($L23,traits,CI$2,FALSE),0) -> 0 | CK25: =IFERROR(VLOOKUP($M23,traits,CK$2,FALSE),0) -> 0 | CL25: =IFERROR(VLOOKUP($M23,traits,CL$2,FALSE),0) -> 0 | CM25: =IFERROR(VLOOKUP($M23,traits,CM$2,FALSE),0) -> 0 | CN25: =IFERROR(VLOOKUP($M23,traits,CN$2,FALSE),0) -> 0 | CO25: =IFERROR(VLOOKUP($M23,traits,CO$2,FALSE),0) -> 0 | CP25: =IFERROR(VLOOKUP($M23,traits,CP$2,FALSE),0) -> 0 | CQ25: =IFERROR(VLOOKUP($M23,traits,CQ$2,FALSE),0) -> 0 | CR25: =IFERROR(VLOOKUP($M23,traits,CR$2,FALSE),0) -> 0 | CS25: =IFERROR(VLOOKUP($M23,traits,CS$2,FALSE),0) -> 0 | CU25: =IFERROR(VLOOKUP($N23,traits,CU$2,FALSE),0) -> 0 | CV25: =IFERROR(VLOOKUP($N23,traits,CV$2,FALSE),0) -> 0 | CW25: =IFERROR(VLOOKUP($N23,traits,CW$2,FALSE),0) -> 0 | CX25: =IFERROR(VLOOKUP($N23,traits,CX$2,FALSE),0) -> 0 | CY25: =IFERROR(VLOOKUP($N23,traits,CY$2,FALSE),0) -> 0 | CZ25: =IFERROR(VLOOKUP($N23,traits,CZ$2,FALSE),0) -> 0 | DA25: =IFERROR(VLOOKUP($N23,traits,DA$2,FALSE),0) -> 0 | DB25: =IFERROR(VLOOKUP($N23,traits,DB$2,FALSE),0) -> 0 | DC25: =IFERROR(VLOOKUP($N23,traits,DC$2,FALSE),0) -> 0 | DF25: =IFERROR(VLOOKUP($O23,Relics,DF$2,FALSE),0) -> 0 | DG25: =IFERROR(VLOOKUP($O23,Relics,DG$2,FALSE),0) -> 0 | DH25: =IFERROR(VLOOKUP($O23,Relics,DH$2,FALSE),0) -> 0 | DI25: =IFERROR(VLOOKUP($O23,Relics,DI$2,FALSE),0) -> 0 | DJ25: =IFERROR(VLOOKUP($O23,Relics,DJ$2,FALSE),0) -> 0 | DK25: =IFERROR(VLOOKUP($O23,Relics,DK$2,FALSE),0) -> 0 | DL25: =IFERROR(VLOOKUP($O23,Relics,DL$2,FALSE),0) -> 0 | DM25: =IFERROR(VLOOKUP($O23,Relics,DM$2,FALSE),0) -> 0 | DN25: =IFERROR(VLOOKUP($O23,Relics,DN$2,FALSE),0) -> 0
A26: 22 | D26: =AM28 -> 0 | E26: =AN28 -> 0 | F26: =AO28 -> 0 | G26: =AP28 -> 0 | H26: =AQ28 -> 0 | I26: =AR28 -> 0 | J26: =AS28 -> 0 | P26: =BO28+BY28+CI28+CS28+DC28+BD28 -> 0 | R26: =Q26*P26 -> 0 | U26: =IF(C26=$U$2,0,IFERROR(VLOOKUP($C26,Stats!$B$4:$B$8,1,FALSE),"Company")) -> 0 | V26: =IF(C26=$U$2,0,IFERROR(VLOOKUP(K26,Stats!$B$24:$B$27,1,FALSE),"Company")) -> 0 | W26: =IF(D26=$U$2,0,IFERROR(VLOOKUP(L26,Stats!$B$24:$B$27,1,FALSE),"Company")) -> 0 | X26: =IF(E26=$U$2,0,IFERROR(VLOOKUP(M26,Stats!$B$24:$B$27,1,FALSE),"Company")) -> 0 | Y26: =IF(F26=$U$2,0,IFERROR(VLOOKUP(N26,Stats!$B$24:$B$27,1,FALSE),"Company")) -> 0 | Z26: =COUNTIF(U26:Y26,$U$4) -> 0 | AM26: =BH26+BR26+CB26+CL26+CV26+DG26 -> 0 | AN26: =BI26+BS26+CC26+CM26+CW26+DH26 -> 0 | AO26: =BJ26+BT26+CD26+CN26+CX26+DI26 -> 0 | AP26: =IF(MAX(BK26,BU26,CE26,CO26,CY26,DJ26)>1,MAX(BK26,BU26,CE26,CO26,CY26,DJ26),BK26+BU26+CE26+CO26+CY26+DJ26) -> 0 | AQ26: =IF(AND(C24="Ordnance battery",(OR(K24="Shooting (mixed)",L24="Shooting (mixed)",M24="Shooting (mixed)",N24="Shooting (mixed)"))),1,IF(MAX(BL26,BV26,CF26,CP26,CZ26,DK26)>1,MAX(BL26,BV26,CF26,CP26,CZ26,DK26),BL26+BV26+CF26+CP26+CZ26+DK26)) -> 0 | AR26: =BM26+BW26+CG26+CQ26+DA26+DL26 -> 0 | AS26: =BN26+BX26+CH26+CR26+DB26+DM26 -> 0 | BC26: =IFERROR(VLOOKUP($O24,Relics,BC$2,FALSE),0) -> 0 | BD26: =IFERROR(VLOOKUP($O24,Relics,BD$2,FALSE),0) -> 0 | BG26: =IFERROR(VLOOKUP($C24,stats,BG$2,FALSE),0) -> 0 | BH26: =IFERROR(VLOOKUP($C24,stats,BH$2,FALSE),0) -> 0 | BI26: =IFERROR(VLOOKUP($C24,stats,BI$2,FALSE),0) -> 0 | BJ26: =IFERROR(VLOOKUP($C24,stats,BJ$2,FALSE),0) -> 0 | BK26: =IFERROR(VLOOKUP($C24,stats,BK$2,FALSE),0) -> 0 | BL26: =IFERROR(VLOOKUP($C24,stats,BL$2,FALSE),0) -> 0 | BM26: =IFERROR(VLOOKUP($C24,stats,BM$2,FALSE),0) -> 0 | BN26: =IFERROR(VLOOKUP($C24,stats,BN$2,FALSE),0) -> 0 | BO26: =IFERROR(VLOOKUP($C24,stats,BO$2,FALSE),0) -> 0 | BQ26: =IFERROR(VLOOKUP($K24,traits,BQ$2,FALSE),0) -> 0 | BR26: =IFERROR(VLOOKUP($K24,traits,BR$2,FALSE),0) -> 0 | BS26: =IFERROR(VLOOKUP($K24,traits,BS$2,FALSE),0) -> 0 | BT26: =IFERROR(VLOOKUP($K24,traits,BT$2,FALSE),0) -> 0 | BU26: =IFERROR(VLOOKUP($K24,traits,BU$2,FALSE),0) -> 0 | BV26: =IFERROR(VLOOKUP($K24,traits,BV$2,FALSE),0) -> 0 | BW26: =IFERROR(VLOOKUP($K24,traits,BW$2,FALSE),0) -> 0 | BX26: =IFERROR(VLOOKUP($K24,traits,BX$2,FALSE),0) -> 0 | BY26: =IFERROR(VLOOKUP($K24,traits,BY$2,FALSE),0) -> 0 | CA26: =IFERROR(VLOOKUP($L24,traits,CA$2,FALSE),0) -> 0 | CB26: =IFERROR(VLOOKUP($L24,traits,CB$2,FALSE),0) -> 0 | CC26: =IFERROR(VLOOKUP($L24,traits,CC$2,FALSE),0) -> 0 | CD26: =IFERROR(VLOOKUP($L24,traits,CD$2,FALSE),0) -> 0 | CE26: =IFERROR(VLOOKUP($L24,traits,CE$2,FALSE),0) -> 0 | CF26: =IFERROR(VLOOKUP($L24,traits,CF$2,FALSE),0) -> 0 | CG26: =IFERROR(VLOOKUP($L24,traits,CG$2,FALSE),0) -> 0 | CH26: =IFERROR(VLOOKUP($L24,traits,CH$2,FALSE),0) -> 0 | CI26: =IFERROR(VLOOKUP($L24,traits,CI$2,FALSE),0) -> 0 | CK26: =IFERROR(VLOOKUP($M24,traits,CK$2,FALSE),0) -> 0 | CL26: =IFERROR(VLOOKUP($M24,traits,CL$2,FALSE),0) -> 0 | CM26: =IFERROR(VLOOKUP($M24,traits,CM$2,FALSE),0) -> 0 | CN26: =IFERROR(VLOOKUP($M24,traits,CN$2,FALSE),0) -> 0 | CO26: =IFERROR(VLOOKUP($M24,traits,CO$2,FALSE),0) -> 0 | CP26: =IFERROR(VLOOKUP($M24,traits,CP$2,FALSE),0) -> 0 | CQ26: =IFERROR(VLOOKUP($M24,traits,CQ$2,FALSE),0) -> 0 | CR26: =IFERROR(VLOOKUP($M24,traits,CR$2,FALSE),0) -> 0 | CS26: =IFERROR(VLOOKUP($M24,traits,CS$2,FALSE),0) -> 0 | CU26: =IFERROR(VLOOKUP($N24,traits,CU$2,FALSE),0) -> 0 | CV26: =IFERROR(VLOOKUP($N24,traits,CV$2,FALSE),0) -> 0 | CW26: =IFERROR(VLOOKUP($N24,traits,CW$2,FALSE),0) -> 0 | CX26: =IFERROR(VLOOKUP($N24,traits,CX$2,FALSE),0) -> 0 | CY26: =IFERROR(VLOOKUP($N24,traits,CY$2,FALSE),0) -> 0 | CZ26: =IFERROR(VLOOKUP($N24,traits,CZ$2,FALSE),0) -> 0 | DA26: =IFERROR(VLOOKUP($N24,traits,DA$2,FALSE),0) -> 0 | DB26: =IFERROR(VLOOKUP($N24,traits,DB$2,FALSE),0) -> 0 | DC26: =IFERROR(VLOOKUP($N24,traits,DC$2,FALSE),0) -> 0 | DF26: =IFERROR(VLOOKUP($O24,Relics,DF$2,FALSE),0) -> 0 | DG26: =IFERROR(VLOOKUP($O24,Relics,DG$2,FALSE),0) -> 0 | DH26: =IFERROR(VLOOKUP($O24,Relics,DH$2,FALSE),0) -> 0 | DI26: =IFERROR(VLOOKUP($O24,Relics,DI$2,FALSE),0) -> 0 | DJ26: =IFERROR(VLOOKUP($O24,Relics,DJ$2,FALSE),0) -> 0 | DK26: =IFERROR(VLOOKUP($O24,Relics,DK$2,FALSE),0) -> 0 | DL26: =IFERROR(VLOOKUP($O24,Relics,DL$2,FALSE),0) -> 0 | DM26: =IFERROR(VLOOKUP($O24,Relics,DM$2,FALSE),0) -> 0 | DN26: =IFERROR(VLOOKUP($O24,Relics,DN$2,FALSE),0) -> 0
A27: 23 | D27: =AM29 -> 0 | E27: =AN29 -> 0 | F27: =AO29 -> 0 | G27: =AP29 -> 0 | H27: =AQ29 -> 0 | I27: =AR29 -> 0 | J27: =AS29 -> 0 | P27: =BO29+BY29+CI29+CS29+DC29+BD29 -> 0 | R27: =Q27*P27 -> 0 | U27: =IF(C27=$U$2,0,IFERROR(VLOOKUP($C27,Stats!$B$4:$B$8,1,FALSE),"Company")) -> 0 | V27: =IF(C27=$U$2,0,IFERROR(VLOOKUP(K27,Stats!$B$24:$B$27,1,FALSE),"Company")) -> 0 | W27: =IF(D27=$U$2,0,IFERROR(VLOOKUP(L27,Stats!$B$24:$B$27,1,FALSE),"Company")) -> 0 | X27: =IF(E27=$U$2,0,IFERROR(VLOOKUP(M27,Stats!$B$24:$B$27,1,FALSE),"Company")) -> 0 | Y27: =IF(F27=$U$2,0,IFERROR(VLOOKUP(N27,Stats!$B$24:$B$27,1,FALSE),"Company")) -> 0 | Z27: =COUNTIF(U27:Y27,$U$4) -> 0 | AM27: =BH27+BR27+CB27+CL27+CV27+DG27 -> 0 | AN27: =BI27+BS27+CC27+CM27+CW27+DH27 -> 0 | AO27: =BJ27+BT27+CD27+CN27+CX27+DI27 -> 0 | AP27: =IF(MAX(BK27,BU27,CE27,CO27,CY27,DJ27)>1,MAX(BK27,BU27,CE27,CO27,CY27,DJ27),BK27+BU27+CE27+CO27+CY27+DJ27) -> 0 | AQ27: =IF(AND(C25="Ordnance battery",(OR(K25="Shooting (mixed)",L25="Shooting (mixed)",M25="Shooting (mixed)",N25="Shooting (mixed)"))),1,IF(MAX(BL27,BV27,CF27,CP27,CZ27,DK27)>1,MAX(BL27,BV27,CF27,CP27,CZ27,DK27),BL27+BV27+CF27+CP27+CZ27+DK27)) -> 0 | AR27: =BM27+BW27+CG27+CQ27+DA27+DL27 -> 0 | AS27: =BN27+BX27+CH27+CR27+DB27+DM27 -> 0 | BC27: =IFERROR(VLOOKUP($O25,Relics,BC$2,FALSE),0) -> 0 | BD27: =IFERROR(VLOOKUP($O25,Relics,BD$2,FALSE),0) -> 0 | BG27: =IFERROR(VLOOKUP($C25,stats,BG$2,FALSE),0) -> 0 | BH27: =IFERROR(VLOOKUP($C25,stats,BH$2,FALSE),0) -> 0 | BI27: =IFERROR(VLOOKUP($C25,stats,BI$2,FALSE),0) -> 0 | BJ27: =IFERROR(VLOOKUP($C25,stats,BJ$2,FALSE),0) -> 0 | BK27: =IFERROR(VLOOKUP($C25,stats,BK$2,FALSE),0) -> 0 | BL27: =IFERROR(VLOOKUP($C25,stats,BL$2,FALSE),0) -> 0 | BM27: =IFERROR(VLOOKUP($C25,stats,BM$2,FALSE),0) -> 0 | BN27: =IFERROR(VLOOKUP($C25,stats,BN$2,FALSE),0) -> 0 | BO27: =IFERROR(VLOOKUP($C25,stats,BO$2,FALSE),0) -> 0 | BQ27: =IFERROR(VLOOKUP($K25,traits,BQ$2,FALSE),0) -> 0 | BR27: =IFERROR(VLOOKUP($K25,traits,BR$2,FALSE),0) -> 0 | BS27: =IFERROR(VLOOKUP($K25,traits,BS$2,FALSE),0) -> 0 | BT27: =IFERROR(VLOOKUP($K25,traits,BT$2,FALSE),0) -> 0 | BU27: =IFERROR(VLOOKUP($K25,traits,BU$2,FALSE),0) -> 0 | BV27: =IFERROR(VLOOKUP($K25,traits,BV$2,FALSE),0) -> 0 | BW27: =IFERROR(VLOOKUP($K25,traits,BW$2,FALSE),0) -> 0 | BX27: =IFERROR(VLOOKUP($K25,traits,BX$2,FALSE),0) -> 0 | BY27: =IFERROR(VLOOKUP($K25,traits,BY$2,FALSE),0) -> 0 | CA27: =IFERROR(VLOOKUP($L25,traits,CA$2,FALSE),0) -> 0 | CB27: =IFERROR(VLOOKUP($L25,traits,CB$2,FALSE),0) -> 0 | CC27: =IFERROR(VLOOKUP($L25,traits,CC$2,FALSE),0) -> 0 | CD27: =IFERROR(VLOOKUP($L25,traits,CD$2,FALSE),0) -> 0 | CE27: =IFERROR(VLOOKUP($L25,traits,CE$2,FALSE),0) -> 0 | CF27: =IFERROR(VLOOKUP($L25,traits,CF$2,FALSE),0) -> 0 | CG27: =IFERROR(VLOOKUP($L25,traits,CG$2,FALSE),0) -> 0 | CH27: =IFERROR(VLOOKUP($L25,traits,CH$2,FALSE),0) -> 0 | CI27: =IFERROR(VLOOKUP($L25,traits,CI$2,FALSE),0) -> 0 | CK27: =IFERROR(VLOOKUP($M25,traits,CK$2,FALSE),0) -> 0 | CL27: =IFERROR(VLOOKUP($M25,traits,CL$2,FALSE),0) -> 0 | CM27: =IFERROR(VLOOKUP($M25,traits,CM$2,FALSE),0) -> 0 | CN27: =IFERROR(VLOOKUP($M25,traits,CN$2,FALSE),0) -> 0 | CO27: =IFERROR(VLOOKUP($M25,traits,CO$2,FALSE),0) -> 0 | CP27: =IFERROR(VLOOKUP($M25,traits,CP$2,FALSE),0) -> 0 | CQ27: =IFERROR(VLOOKUP($M25,traits,CQ$2,FALSE),0) -> 0 | CR27: =IFERROR(VLOOKUP($M25,traits,CR$2,FALSE),0) -> 0 | CS27: =IFERROR(VLOOKUP($M25,traits,CS$2,FALSE),0) -> 0 | CU27: =IFERROR(VLOOKUP($N25,traits,CU$2,FALSE),0) -> 0 | CV27: =IFERROR(VLOOKUP($N25,traits,CV$2,FALSE),0) -> 0 | CW27: =IFERROR(VLOOKUP($N25,traits,CW$2,FALSE),0) -> 0 | CX27: =IFERROR(VLOOKUP($N25,traits,CX$2,FALSE),0) -> 0 | CY27: =IFERROR(VLOOKUP($N25,traits,CY$2,FALSE),0) -> 0 | CZ27: =IFERROR(VLOOKUP($N25,traits,CZ$2,FALSE),0) -> 0 | DA27: =IFERROR(VLOOKUP($N25,traits,DA$2,FALSE),0) -> 0 | DB27: =IFERROR(VLOOKUP($N25,traits,DB$2,FALSE),0) -> 0 | DC27: =IFERROR(VLOOKUP($N25,traits,DC$2,FALSE),0) -> 0 | DF27: =IFERROR(VLOOKUP($O25,Relics,DF$2,FALSE),0) -> 0 | DG27: =IFERROR(VLOOKUP($O25,Relics,DG$2,FALSE),0) -> 0 | DH27: =IFERROR(VLOOKUP($O25,Relics,DH$2,FALSE),0) -> 0 | DI27: =IFERROR(VLOOKUP($O25,Relics,DI$2,FALSE),0) -> 0 | DJ27: =IFERROR(VLOOKUP($O25,Relics,DJ$2,FALSE),0) -> 0 | DK27: =IFERROR(VLOOKUP($O25,Relics,DK$2,FALSE),0) -> 0 | DL27: =IFERROR(VLOOKUP($O25,Relics,DL$2,FALSE),0) -> 0 | DM27: =IFERROR(VLOOKUP($O25,Relics,DM$2,FALSE),0) -> 0 | DN27: =IFERROR(VLOOKUP($O25,Relics,DN$2,FALSE),0) -> 0
A28: 24 | D28: =AM30 -> 0 | E28: =AN30 -> 0 | F28: =AO30 -> 0 | G28: =AP30 -> 0 | H28: =AQ30 -> 0 | I28: =AR30 -> 0 | J28: =AS30 -> 0 | P28: =BO30+BY30+CI30+CS30+DC30+BD30 -> 0 | R28: =Q28*P28 -> 0 | U28: =IF(C28=$U$2,0,IFERROR(VLOOKUP($C28,Stats!$B$4:$B$8,1,FALSE),"Company")) -> 0 | V28: =IF(C28=$U$2,0,IFERROR(VLOOKUP(K28,Stats!$B$24:$B$27,1,FALSE),"Company")) -> 0 | W28: =IF(D28=$U$2,0,IFERROR(VLOOKUP(L28,Stats!$B$24:$B$27,1,FALSE),"Company")) -> 0 | X28: =IF(E28=$U$2,0,IFERROR(VLOOKUP(M28,Stats!$B$24:$B$27,1,FALSE),"Company")) -> 0 | Y28: =IF(F28=$U$2,0,IFERROR(VLOOKUP(N28,Stats!$B$24:$B$27,1,FALSE),"Company")) -> 0 | Z28: =COUNTIF(U28:Y28,$U$4) -> 0 | AM28: =BH28+BR28+CB28+CL28+CV28+DG28 -> 0 | AN28: =BI28+BS28+CC28+CM28+CW28+DH28 -> 0 | AO28: =BJ28+BT28+CD28+CN28+CX28+DI28 -> 0 | AP28: =IF(MAX(BK28,BU28,CE28,CO28,CY28,DJ28)>1,MAX(BK28,BU28,CE28,CO28,CY28,DJ28),BK28+BU28+CE28+CO28+CY28+DJ28) -> 0 | AQ28: =IF(AND(C26="Ordnance battery",(OR(K26="Shooting (mixed)",L26="Shooting (mixed)",M26="Shooting (mixed)",N26="Shooting (mixed)"))),1,IF(MAX(BL28,BV28,CF28,CP28,CZ28,DK28)>1,MAX(BL28,BV28,CF28,CP28,CZ28,DK28),BL28+BV28+CF28+CP28+CZ28+DK28)) -> 0 | AR28: =BM28+BW28+CG28+CQ28+DA28+DL28 -> 0 | AS28: =BN28+BX28+CH28+CR28+DB28+DM28 -> 0 | BC28: =IFERROR(VLOOKUP($O26,Relics,BC$2,FALSE),0) -> 0 | BD28: =IFERROR(VLOOKUP($O26,Relics,BD$2,FALSE),0) -> 0 | BG28: =IFERROR(VLOOKUP($C26,stats,BG$2,FALSE),0) -> 0 | BH28: =IFERROR(VLOOKUP($C26,stats,BH$2,FALSE),0) -> 0 | BI28: =IFERROR(VLOOKUP($C26,stats,BI$2,FALSE),0) -> 0 | BJ28: =IFERROR(VLOOKUP($C26,stats,BJ$2,FALSE),0) -> 0 | BK28: =IFERROR(VLOOKUP($C26,stats,BK$2,FALSE),0) -> 0 | BL28: =IFERROR(VLOOKUP($C26,stats,BL$2,FALSE),0) -> 0 | BM28: =IFERROR(VLOOKUP($C26,stats,BM$2,FALSE),0) -> 0 | BN28: =IFERROR(VLOOKUP($C26,stats,BN$2,FALSE),0) -> 0 | BO28: =IFERROR(VLOOKUP($C26,stats,BO$2,FALSE),0) -> 0 | BQ28: =IFERROR(VLOOKUP($K26,traits,BQ$2,FALSE),0) -> 0 | BR28: =IFERROR(VLOOKUP($K26,traits,BR$2,FALSE),0) -> 0 | BS28: =IFERROR(VLOOKUP($K26,traits,BS$2,FALSE),0) -> 0 | BT28: =IFERROR(VLOOKUP($K26,traits,BT$2,FALSE),0) -> 0 | BU28: =IFERROR(VLOOKUP($K26,traits,BU$2,FALSE),0) -> 0 | BV28: =IFERROR(VLOOKUP($K26,traits,BV$2,FALSE),0) -> 0 | BW28: =IFERROR(VLOOKUP($K26,traits,BW$2,FALSE),0) -> 0 | BX28: =IFERROR(VLOOKUP($K26,traits,BX$2,FALSE),0) -> 0 | BY28: =IFERROR(VLOOKUP($K26,traits,BY$2,FALSE),0) -> 0 | CA28: =IFERROR(VLOOKUP($L26,traits,CA$2,FALSE),0) -> 0 | CB28: =IFERROR(VLOOKUP($L26,traits,CB$2,FALSE),0) -> 0 | CC28: =IFERROR(VLOOKUP($L26,traits,CC$2,FALSE),0) -> 0 | CD28: =IFERROR(VLOOKUP($L26,traits,CD$2,FALSE),0) -> 0 | CE28: =IFERROR(VLOOKUP($L26,traits,CE$2,FALSE),0) -> 0 | CF28: =IFERROR(VLOOKUP($L26,traits,CF$2,FALSE),0) -> 0 | CG28: =IFERROR(VLOOKUP($L26,traits,CG$2,FALSE),0) -> 0 | CH28: =IFERROR(VLOOKUP($L26,traits,CH$2,FALSE),0) -> 0 | CI28: =IFERROR(VLOOKUP($L26,traits,CI$2,FALSE),0) -> 0 | CK28: =IFERROR(VLOOKUP($M26,traits,CK$2,FALSE),0) -> 0 | CL28: =IFERROR(VLOOKUP($M26,traits,CL$2,FALSE),0) -> 0 | CM28: =IFERROR(VLOOKUP($M26,traits,CM$2,FALSE),0) -> 0 | CN28: =IFERROR(VLOOKUP($M26,traits,CN$2,FALSE),0) -> 0 | CO28: =IFERROR(VLOOKUP($M26,traits,CO$2,FALSE),0) -> 0 | CP28: =IFERROR(VLOOKUP($M26,traits,CP$2,FALSE),0) -> 0 | CQ28: =IFERROR(VLOOKUP($M26,traits,CQ$2,FALSE),0) -> 0 | CR28: =IFERROR(VLOOKUP($M26,traits,CR$2,FALSE),0) -> 0 | CS28: =IFERROR(VLOOKUP($M26,traits,CS$2,FALSE),0) -> 0 | CU28: =IFERROR(VLOOKUP($N26,traits,CU$2,FALSE),0) -> 0 | CV28: =IFERROR(VLOOKUP($N26,traits,CV$2,FALSE),0) -> 0 | CW28: =IFERROR(VLOOKUP($N26,traits,CW$2,FALSE),0) -> 0 | CX28: =IFERROR(VLOOKUP($N26,traits,CX$2,FALSE),0) -> 0 | CY28: =IFERROR(VLOOKUP($N26,traits,CY$2,FALSE),0) -> 0 | CZ28: =IFERROR(VLOOKUP($N26,traits,CZ$2,FALSE),0) -> 0 | DA28: =IFERROR(VLOOKUP($N26,traits,DA$2,FALSE),0) -> 0 | DB28: =IFERROR(VLOOKUP($N26,traits,DB$2,FALSE),0) -> 0 | DC28: =IFERROR(VLOOKUP($N26,traits,DC$2,FALSE),0) -> 0 | DF28: =IFERROR(VLOOKUP($O26,Relics,DF$2,FALSE),0) -> 0 | DG28: =IFERROR(VLOOKUP($O26,Relics,DG$2,FALSE),0) -> 0 | DH28: =IFERROR(VLOOKUP($O26,Relics,DH$2,FALSE),0) -> 0 | DI28: =IFERROR(VLOOKUP($O26,Relics,DI$2,FALSE),0) -> 0 | DJ28: =IFERROR(VLOOKUP($O26,Relics,DJ$2,FALSE),0) -> 0 | DK28: =IFERROR(VLOOKUP($O26,Relics,DK$2,FALSE),0) -> 0 | DL28: =IFERROR(VLOOKUP($O26,Relics,DL$2,FALSE),0) -> 0 | DM28: =IFERROR(VLOOKUP($O26,Relics,DM$2,FALSE),0) -> 0 | DN28: =IFERROR(VLOOKUP($O26,Relics,DN$2,FALSE),0) -> 0
A29: 25 | D29: =AM31 -> 0 | E29: =AN31 -> 0 | F29: =AO31 -> 0 | G29: =AP31 -> 0 | H29: =AQ31 -> 0 | I29: =AR31 -> 0 | J29: =AS31 -> 0 | P29: =BO31+BY31+CI31+CS31+DC31+BD31 -> 0 | R29: =Q29*P29 -> 0 | U29: =IF(C29=$U$2,0,IFERROR(VLOOKUP($C29,Stats!$B$4:$B$8,1,FALSE),"Company")) -> 0 | V29: =IF(C29=$U$2,0,IFERROR(VLOOKUP(K29,Stats!$B$24:$B$27,1,FALSE),"Company")) -> 0 | W29: =IF(D29=$U$2,0,IFERROR(VLOOKUP(L29,Stats!$B$24:$B$27,1,FALSE),"Company")) -> 0 | X29: =IF(E29=$U$2,0,IFERROR(VLOOKUP(M29,Stats!$B$24:$B$27,1,FALSE),"Company")) -> 0 | Y29: =IF(F29=$U$2,0,IFERROR(VLOOKUP(N29,Stats!$B$24:$B$27,1,FALSE),"Company")) -> 0 | Z29: =COUNTIF(U29:Y29,$U$4) -> 0 | AM29: =BH29+BR29+CB29+CL29+CV29+DG29 -> 0 | AN29: =BI29+BS29+CC29+CM29+CW29+DH29 -> 0 | AO29: =BJ29+BT29+CD29+CN29+CX29+DI29 -> 0 | AP29: =IF(MAX(BK29,BU29,CE29,CO29,CY29,DJ29)>1,MAX(BK29,BU29,CE29,CO29,CY29,DJ29),BK29+BU29+CE29+CO29+CY29+DJ29) -> 0 | AQ29: =IF(AND(C27="Ordnance battery",(OR(K27="Shooting (mixed)",L27="Shooting (mixed)",M27="Shooting (mixed)",N27="Shooting (mixed)"))),1,IF(MAX(BL29,BV29,CF29,CP29,CZ29,DK29)>1,MAX(BL29,BV29,CF29,CP29,CZ29,DK29),BL29+BV29+CF29+CP29+CZ29+DK29)) -> 0 | AR29: =BM29+BW29+CG29+CQ29+DA29+DL29 -> 0 | AS29: =BN29+BX29+CH29+CR29+DB29+DM29 -> 0 | BC29: =IFERROR(VLOOKUP($O27,Relics,BC$2,FALSE),0) -> 0 | BD29: =IFERROR(VLOOKUP($O27,Relics,BD$2,FALSE),0) -> 0 | BG29: =IFERROR(VLOOKUP($C27,stats,BG$2,FALSE),0) -> 0 | BH29: =IFERROR(VLOOKUP($C27,stats,BH$2,FALSE),0) -> 0 | BI29: =IFERROR(VLOOKUP($C27,stats,BI$2,FALSE),0) -> 0 | BJ29: =IFERROR(VLOOKUP($C27,stats,BJ$2,FALSE),0) -> 0 | BK29: =IFERROR(VLOOKUP($C27,stats,BK$2,FALSE),0) -> 0 | BL29: =IFERROR(VLOOKUP($C27,stats,BL$2,FALSE),0) -> 0 | BM29: =IFERROR(VLOOKUP($C27,stats,BM$2,FALSE),0) -> 0 | BN29: =IFERROR(VLOOKUP($C27,stats,BN$2,FALSE),0) -> 0 | BO29: =IFERROR(VLOOKUP($C27,stats,BO$2,FALSE),0) -> 0 | BQ29: =IFERROR(VLOOKUP($K27,traits,BQ$2,FALSE),0) -> 0 | BR29: =IFERROR(VLOOKUP($K27,traits,BR$2,FALSE),0) -> 0 | BS29: =IFERROR(VLOOKUP($K27,traits,BS$2,FALSE),0) -> 0 | BT29: =IFERROR(VLOOKUP($K27,traits,BT$2,FALSE),0) -> 0 | BU29: =IFERROR(VLOOKUP($K27,traits,BU$2,FALSE),0) -> 0 | BV29: =IFERROR(VLOOKUP($K27,traits,BV$2,FALSE),0) -> 0 | BW29: =IFERROR(VLOOKUP($K27,traits,BW$2,FALSE),0) -> 0 | BX29: =IFERROR(VLOOKUP($K27,traits,BX$2,FALSE),0) -> 0 | BY29: =IFERROR(VLOOKUP($K27,traits,BY$2,FALSE),0) -> 0 | CA29: =IFERROR(VLOOKUP($L27,traits,CA$2,FALSE),0) -> 0 | CB29: =IFERROR(VLOOKUP($L27,traits,CB$2,FALSE),0) -> 0 | CC29: =IFERROR(VLOOKUP($L27,traits,CC$2,FALSE),0) -> 0 | CD29: =IFERROR(VLOOKUP($L27,traits,CD$2,FALSE),0) -> 0 | CE29: =IFERROR(VLOOKUP($L27,traits,CE$2,FALSE),0) -> 0 | CF29: =IFERROR(VLOOKUP($L27,traits,CF$2,FALSE),0) -> 0 | CG29: =IFERROR(VLOOKUP($L27,traits,CG$2,FALSE),0) -> 0 | CH29: =IFERROR(VLOOKUP($L27,traits,CH$2,FALSE),0) -> 0 | CI29: =IFERROR(VLOOKUP($L27,traits,CI$2,FALSE),0) -> 0 | CK29: =IFERROR(VLOOKUP($M27,traits,CK$2,FALSE),0) -> 0 | CL29: =IFERROR(VLOOKUP($M27,traits,CL$2,FALSE),0) -> 0 | CM29: =IFERROR(VLOOKUP($M27,traits,CM$2,FALSE),0) -> 0 | CN29: =IFERROR(VLOOKUP($M27,traits,CN$2,FALSE),0) -> 0 | CO29: =IFERROR(VLOOKUP($M27,traits,CO$2,FALSE),0) -> 0 | CP29: =IFERROR(VLOOKUP($M27,traits,CP$2,FALSE),0) -> 0 | CQ29: =IFERROR(VLOOKUP($M27,traits,CQ$2,FALSE),0) -> 0 | CR29: =IFERROR(VLOOKUP($M27,traits,CR$2,FALSE),0) -> 0 | CS29: =IFERROR(VLOOKUP($M27,traits,CS$2,FALSE),0) -> 0 | CU29: =IFERROR(VLOOKUP($N27,traits,CU$2,FALSE),0) -> 0 | CV29: =IFERROR(VLOOKUP($N27,traits,CV$2,FALSE),0) -> 0 | CW29: =IFERROR(VLOOKUP($N27,traits,CW$2,FALSE),0) -> 0 | CX29: =IFERROR(VLOOKUP($N27,traits,CX$2,FALSE),0) -> 0 | CY29: =IFERROR(VLOOKUP($N27,traits,CY$2,FALSE),0) -> 0 | CZ29: =IFERROR(VLOOKUP($N27,traits,CZ$2,FALSE),0) -> 0 | DA29: =IFERROR(VLOOKUP($N27,traits,DA$2,FALSE),0) -> 0 | DB29: =IFERROR(VLOOKUP($N27,traits,DB$2,FALSE),0) -> 0 | DC29: =IFERROR(VLOOKUP($N27,traits,DC$2,FALSE),0) -> 0 | DF29: =IFERROR(VLOOKUP($O27,Relics,DF$2,FALSE),0) -> 0 | DG29: =IFERROR(VLOOKUP($O27,Relics,DG$2,FALSE),0) -> 0 | DH29: =IFERROR(VLOOKUP($O27,Relics,DH$2,FALSE),0) -> 0 | DI29: =IFERROR(VLOOKUP($O27,Relics,DI$2,FALSE),0) -> 0 | DJ29: =IFERROR(VLOOKUP($O27,Relics,DJ$2,FALSE),0) -> 0 | DK29: =IFERROR(VLOOKUP($O27,Relics,DK$2,FALSE),0) -> 0 | DL29: =IFERROR(VLOOKUP($O27,Relics,DL$2,FALSE),0) -> 0 | DM29: =IFERROR(VLOOKUP($O27,Relics,DM$2,FALSE),0) -> 0 | DN29: =IFERROR(VLOOKUP($O27,Relics,DN$2,FALSE),0) -> 0
AM30: =BH30+BR30+CB30+CL30+CV30+DG30 -> 0 | AN30: =BI30+BS30+CC30+CM30+CW30+DH30 -> 0 | AO30: =BJ30+BT30+CD30+CN30+CX30+DI30 -> 0 | AP30: =IF(MAX(BK30,BU30,CE30,CO30,CY30,DJ30)>1,MAX(BK30,BU30,CE30,CO30,CY30,DJ30),BK30+BU30+CE30+CO30+CY30+DJ30) -> 0 | AQ30: =IF(AND(C28="Ordnance battery",(OR(K28="Shooting (mixed)",L28="Shooting (mixed)",M28="Shooting (mixed)",N28="Shooting (mixed)"))),1,IF(MAX(BL30,BV30,CF30,CP30,CZ30,DK30)>1,MAX(BL30,BV30,CF30,CP30,CZ30,DK30),BL30+BV30+CF30+CP30+CZ30+DK30)) -> 0 | AR30: =BM30+BW30+CG30+CQ30+DA30+DL30 -> 0 | AS30: =BN30+BX30+CH30+CR30+DB30+DM30 -> 0 | BC30: =IFERROR(VLOOKUP($O28,Relics,BC$2,FALSE),0) -> 0 | BD30: =IFERROR(VLOOKUP($O28,Relics,BD$2,FALSE),0) -> 0 | BG30: =IFERROR(VLOOKUP($C28,stats,BG$2,FALSE),0) -> 0 | BH30: =IFERROR(VLOOKUP($C28,stats,BH$2,FALSE),0) -> 0 | BI30: =IFERROR(VLOOKUP($C28,stats,BI$2,FALSE),0) -> 0 | BJ30: =IFERROR(VLOOKUP($C28,stats,BJ$2,FALSE),0) -> 0 | BK30: =IFERROR(VLOOKUP($C28,stats,BK$2,FALSE),0) -> 0 | BL30: =IFERROR(VLOOKUP($C28,stats,BL$2,FALSE),0) -> 0 | BM30: =IFERROR(VLOOKUP($C28,stats,BM$2,FALSE),0) -> 0 | BN30: =IFERROR(VLOOKUP($C28,stats,BN$2,FALSE),0) -> 0 | BO30: =IFERROR(VLOOKUP($C28,stats,BO$2,FALSE),0) -> 0 | BQ30: =IFERROR(VLOOKUP($K28,traits,BQ$2,FALSE),0) -> 0 | BR30: =IFERROR(VLOOKUP($K28,traits,BR$2,FALSE),0) -> 0 | BS30: =IFERROR(VLOOKUP($K28,traits,BS$2,FALSE),0) -> 0 | BT30: =IFERROR(VLOOKUP($K28,traits,BT$2,FALSE),0) -> 0 | BU30: =IFERROR(VLOOKUP($K28,traits,BU$2,FALSE),0) -> 0 | BV30: =IFERROR(VLOOKUP($K28,traits,BV$2,FALSE),0) -> 0 | BW30: =IFERROR(VLOOKUP($K28,traits,BW$2,FALSE),0) -> 0 | BX30: =IFERROR(VLOOKUP($K28,traits,BX$2,FALSE),0) -> 0 | BY30: =IFERROR(VLOOKUP($K28,traits,BY$2,FALSE),0) -> 0 | CA30: =IFERROR(VLOOKUP($L28,traits,CA$2,FALSE),0) -> 0 | CB30: =IFERROR(VLOOKUP($L28,traits,CB$2,FALSE),0) -> 0 | CC30: =IFERROR(VLOOKUP($L28,traits,CC$2,FALSE),0) -> 0 | CD30: =IFERROR(VLOOKUP($L28,traits,CD$2,FALSE),0) -> 0 | CE30: =IFERROR(VLOOKUP($L28,traits,CE$2,FALSE),0) -> 0 | CF30: =IFERROR(VLOOKUP($L28,traits,CF$2,FALSE),0) -> 0 | CG30: =IFERROR(VLOOKUP($L28,traits,CG$2,FALSE),0) -> 0 | CH30: =IFERROR(VLOOKUP($L28,traits,CH$2,FALSE),0) -> 0 | CI30: =IFERROR(VLOOKUP($L28,traits,CI$2,FALSE),0) -> 0 | CK30: =IFERROR(VLOOKUP($M28,traits,CK$2,FALSE),0) -> 0 | CL30: =IFERROR(VLOOKUP($M28,traits,CL$2,FALSE),0) -> 0 | CM30: =IFERROR(VLOOKUP($M28,traits,CM$2,FALSE),0) -> 0 | CN30: =IFERROR(VLOOKUP($M28,traits,CN$2,FALSE),0) -> 0 | CO30: =IFERROR(VLOOKUP($M28,traits,CO$2,FALSE),0) -> 0 | CP30: =IFERROR(VLOOKUP($M28,traits,CP$2,FALSE),0) -> 0 | CQ30: =IFERROR(VLOOKUP($M28,traits,CQ$2,FALSE),0) -> 0 | CR30: =IFERROR(VLOOKUP($M28,traits,CR$2,FALSE),0) -> 0 | CS30: =IFERROR(VLOOKUP($M28,traits,CS$2,FALSE),0) -> 0 | CU30: =IFERROR(VLOOKUP($N28,traits,CU$2,FALSE),0) -> 0 | CV30: =IFERROR(VLOOKUP($N28,traits,CV$2,FALSE),0) -> 0 | CW30: =IFERROR(VLOOKUP($N28,traits,CW$2,FALSE),0) -> 0 | CX30: =IFERROR(VLOOKUP($N28,traits,CX$2,FALSE),0) -> 0 | CY30: =IFERROR(VLOOKUP($N28,traits,CY$2,FALSE),0) -> 0 | CZ30: =IFERROR(VLOOKUP($N28,traits,CZ$2,FALSE),0) -> 0 | DA30: =IFERROR(VLOOKUP($N28,traits,DA$2,FALSE),0) -> 0 | DB30: =IFERROR(VLOOKUP($N28,traits,DB$2,FALSE),0) -> 0 | DC30: =IFERROR(VLOOKUP($N28,traits,DC$2,FALSE),0) -> 0 | DF30: =IFERROR(VLOOKUP($O28,Relics,DF$2,FALSE),0) -> 0 | DG30: =IFERROR(VLOOKUP($O28,Relics,DG$2,FALSE),0) -> 0 | DH30: =IFERROR(VLOOKUP($O28,Relics,DH$2,FALSE),0) -> 0 | DI30: =IFERROR(VLOOKUP($O28,Relics,DI$2,FALSE),0) -> 0 | DJ30: =IFERROR(VLOOKUP($O28,Relics,DJ$2,FALSE),0) -> 0 | DK30: =IFERROR(VLOOKUP($O28,Relics,DK$2,FALSE),0) -> 0 | DL30: =IFERROR(VLOOKUP($O28,Relics,DL$2,FALSE),0) -> 0 | DM30: =IFERROR(VLOOKUP($O28,Relics,DM$2,FALSE),0) -> 0 | DN30: =IFERROR(VLOOKUP($O28,Relics,DN$2,FALSE),0) -> 0
C31: Army builder spreadsheet designed by Mike Wilson (2020) | AM31: =BH31+BR31+CB31+CL31+CV31+DG31 -> 0 | AN31: =BI31+BS31+CC31+CM31+CW31+DH31 -> 0 | AO31: =BJ31+BT31+CD31+CN31+CX31+DI31 -> 0 | AP31: =IF(MAX(BK31,BU31,CE31,CO31,CY31,DJ31)>1,MAX(BK31,BU31,CE31,CO31,CY31,DJ31),BK31+BU31+CE31+CO31+CY31+DJ31) -> 0 | AQ31: =IF(AND(C29="Ordnance battery",(OR(K29="Shooting (mixed)",L29="Shooting (mixed)",M29="Shooting (mixed)",N29="Shooting (mixed)"))),1,IF(MAX(BL31,BV31,CF31,CP31,CZ31,DK31)>1,MAX(BL31,BV31,CF31,CP31,CZ31,DK31),BL31+BV31+CF31+CP31+CZ31+DK31)) -> 0 | AR31: =BM31+BW31+CG31+CQ31+DA31+DL31 -> 0 | AS31: =BN31+BX31+CH31+CR31+DB31+DM31 -> 0 | BC31: =IFERROR(VLOOKUP($O29,Relics,BC$2,FALSE),0) -> 0 | BD31: =IFERROR(VLOOKUP($O29,Relics,BD$2,FALSE),0) -> 0 | BQ31: =IFERROR(VLOOKUP($K29,traits,BQ$2,FALSE),0) -> 0 | BR31: =IFERROR(VLOOKUP($K29,traits,BR$2,FALSE),0) -> 0 | BS31: =IFERROR(VLOOKUP($K29,traits,BS$2,FALSE),0) -> 0 | BT31: =IFERROR(VLOOKUP($K29,traits,BT$2,FALSE),0) -> 0 | BU31: =IFERROR(VLOOKUP($K29,traits,BU$2,FALSE),0) -> 0 | BV31: =IFERROR(VLOOKUP($K29,traits,BV$2,FALSE),0) -> 0 | BW31: =IFERROR(VLOOKUP($K29,traits,BW$2,FALSE),0) -> 0 | BX31: =IFERROR(VLOOKUP($K29,traits,BX$2,FALSE),0) -> 0 | BY31: =IFERROR(VLOOKUP($K29,traits,BY$2,FALSE),0) -> 0 | CA31: =IFERROR(VLOOKUP($L29,traits,CA$2,FALSE),0) -> 0 | CB31: =IFERROR(VLOOKUP($L29,traits,CB$2,FALSE),0) -> 0 | CC31: =IFERROR(VLOOKUP($L29,traits,CC$2,FALSE),0) -> 0 | CD31: =IFERROR(VLOOKUP($L29,traits,CD$2,FALSE),0) -> 0 | CE31: =IFERROR(VLOOKUP($L29,traits,CE$2,FALSE),0) -> 0 | CF31: =IFERROR(VLOOKUP($L29,traits,CF$2,FALSE),0) -> 0 | CG31: =IFERROR(VLOOKUP($L29,traits,CG$2,FALSE),0) -> 0 | CH31: =IFERROR(VLOOKUP($L29,traits,CH$2,FALSE),0) -> 0 | CI31: =IFERROR(VLOOKUP($L29,traits,CI$2,FALSE),0) -> 0 | CK31: =IFERROR(VLOOKUP($M29,traits,CK$2,FALSE),0) -> 0 | CL31: =IFERROR(VLOOKUP($M29,traits,CL$2,FALSE),0) -> 0 | CM31: =IFERROR(VLOOKUP($M29,traits,CM$2,FALSE),0) -> 0 | CN31: =IFERROR(VLOOKUP($M29,traits,CN$2,FALSE),0) -> 0 | CO31: =IFERROR(VLOOKUP($M29,traits,CO$2,FALSE),0) -> 0 | CP31: =IFERROR(VLOOKUP($M29,traits,CP$2,FALSE),0) -> 0 | CQ31: =IFERROR(VLOOKUP($M29,traits,CQ$2,FALSE),0) -> 0 | CR31: =IFERROR(VLOOKUP($M29,traits,CR$2,FALSE),0) -> 0 | CS31: =IFERROR(VLOOKUP($M29,traits,CS$2,FALSE),0) -> 0 | CU31: =IFERROR(VLOOKUP($N29,traits,CU$2,FALSE),0) -> 0 | CV31: =IFERROR(VLOOKUP($N29,traits,CV$2,FALSE),0) -> 0 | CW31: =IFERROR(VLOOKUP($N29,traits,CW$2,FALSE),0) -> 0 | CX31: =IFERROR(VLOOKUP($N29,traits,CX$2,FALSE),0) -> 0 | CY31: =IFERROR(VLOOKUP($N29,traits,CY$2,FALSE),0) -> 0 | CZ31: =IFERROR(VLOOKUP($N29,traits,CZ$2,FALSE),0) -> 0 | DA31: =IFERROR(VLOOKUP($N29,traits,DA$2,FALSE),0) -> 0 | DB31: =IFERROR(VLOOKUP($N29,traits,DB$2,FALSE),0) -> 0 | DC31: =IFERROR(VLOOKUP($N29,traits,DC$2,FALSE),0) -> 0 | DF31: =IFERROR(VLOOKUP($O29,Relics,DF$2,FALSE),0) -> 0 | DG31: =IFERROR(VLOOKUP($O29,Relics,DG$2,FALSE),0) -> 0 | DH31: =IFERROR(VLOOKUP($O29,Relics,DH$2,FALSE),0) -> 0 | DI31: =IFERROR(VLOOKUP($O29,Relics,DI$2,FALSE),0) -> 0 | DJ31: =IFERROR(VLOOKUP($O29,Relics,DJ$2,FALSE),0) -> 0 | DK31: =IFERROR(VLOOKUP($O29,Relics,DK$2,FALSE),0) -> 0 | DL31: =IFERROR(VLOOKUP($O29,Relics,DL$2,FALSE),0) -> 0 | DM31: =IFERROR(VLOOKUP($O29,Relics,DM$2,FALSE),0) -> 0 | DN31: =IFERROR(VLOOKUP($O29,Relics,DN$2,FALSE),0) -> 0
B32: Too Many Warlords | C32: Too Many Captains | E32: Too Many Mages | H32: Too Many Rogues | BC32: =IFERROR(VLOOKUP(#REF!,Relics,BC$2,FALSE),0) -> 0 | BD32: =IFERROR(VLOOKUP(#REF!,Relics,BD$2,FALSE),0) -> 0 | BQ32: =IFERROR(VLOOKUP($K30,traits,BQ$2,FALSE),0) -> 0 | BR32: =IFERROR(VLOOKUP($K30,traits,BR$2,FALSE),0) -> 0 | BS32: =IFERROR(VLOOKUP($K30,traits,BS$2,FALSE),0) -> 0 | BT32: =IFERROR(VLOOKUP($K30,traits,BT$2,FALSE),0) -> 0 | BU32: =IFERROR(VLOOKUP($K30,traits,BU$2,FALSE),0) -> 0 | BV32: =IFERROR(VLOOKUP($K30,traits,BV$2,FALSE),0) -> 0 | BW32: =IFERROR(VLOOKUP($K30,traits,BW$2,FALSE),0) -> 0 | BX32: =IFERROR(VLOOKUP($K30,traits,BX$2,FALSE),0) -> 0 | BY32: =IFERROR(VLOOKUP($K30,traits,BY$2,FALSE),0) -> 0
BC33: =IFERROR(VLOOKUP(#REF!,Relics,BC$2,FALSE),0) -> 0 | BD33: =IFERROR(VLOOKUP(#REF!,Relics,BD$2,FALSE),0) -> 0 | BQ33: =IFERROR(VLOOKUP($K31,traits,BQ$2,FALSE),0) -> 0 | BR33: =IFERROR(VLOOKUP($K31,traits,BR$2,FALSE),0) -> 0
BC34: =IFERROR(VLOOKUP(#REF!,Relics,BC$2,FALSE),0) -> 0 | BD34: =IFERROR(VLOOKUP(#REF!,Relics,BD$2,FALSE),0) -> 0 | BQ34: =IFERROR(VLOOKUP($K32,traits,BQ$2,FALSE),0) -> 0 | BR34: =IFERROR(VLOOKUP($K32,traits,BR$2,FALSE),0) -> 0
BC35: =IFERROR(VLOOKUP(#REF!,Relics,BC$2,FALSE),0) -> 0 | BD35: =IFERROR(VLOOKUP(#REF!,Relics,BD$2,FALSE),0) -> 0 | BQ35: =IFERROR(VLOOKUP($K33,traits,BQ$2,FALSE),0) -> 0 | BR35: =IFERROR(VLOOKUP($K33,traits,BR$2,FALSE),0) -> 0
BC36: =IFERROR(VLOOKUP($O34,Relics,BC$2,FALSE),0) -> 0 | BD36: =IFERROR(VLOOKUP($O34,Relics,BD$2,FALSE),0) -> 0 | BQ36: =IFERROR(VLOOKUP($K34,traits,BQ$2,FALSE),0) -> 0 | BR36: =IFERROR(VLOOKUP($K34,traits,BR$2,FALSE),0) -> 0
BC37: =IFERROR(VLOOKUP($O35,Relics,BC$2,FALSE),0) -> 0 | BD37: =IFERROR(VLOOKUP($O35,Relics,BD$2,FALSE),0) -> 0 | BQ37: =IFERROR(VLOOKUP($K35,traits,BQ$2,FALSE),0) -> 0 | BR37: =IFERROR(VLOOKUP($K35,traits,BR$2,FALSE),0) -> 0

Sheet exclusion traits
A1: row1 | P1: row2 | AE1: row3 | AT1: row4 | BI1: row5 | BX1: row6 | CM1: row7 | DB1: row8 | DQ1: row9 | EF1: row10 | EU1: row11 | FJ1: row12 | FY1: row13 | GN1: row14 | HC1: row15 | HR1: row16 | IG1: row17 | IV1: row18 | JK1: row19 | JZ1: row20 | KO1: row21 | LD1: row22 | LS1: row23 | MH1: row24 | MW1: row25
M2: 2 | AB2: 2 | AQ2: 2 | BF2: 2 | BU2: 2 | CJ2: 2 | CY2: 2 | DN2: 2 | EC2: 2 | ER2: 2 | FG2: 2 | FV2: 2 | GK2: 2 | GZ2: 2 | HO2: 2 | ID2: 2 | IS2: 2 | JH2: 2 | JW2: 2 | KL2: 2 | LA2: 2 | LP2: 2 | ME2: 2 | MT2: 2 | NI2: 2
A3: 1 | B3: Amphibious | C3: =COUNTIF(Builder!$K$5:$N$5,B3) -> 0 | D3: =IF(C3=1,Stats!$N18,"") | E3: =IF(C3=1,Stats!$O18,"") | F3: =IF(C3=1,Stats!$P18,"") | G3: =IF(C3=1,Stats!$Q18,"") | H3: =IF(C3=1,Stats!$R18,"") | I3: =IF(C3=1,Stats!$S18,"") | J3: =COUNTIF($D$3:$I$55,B3) -> 0 | K3: =J3+C3 -> 0 | L3: =IF(K3=0,MAX($L$2:L2)+1,0) -> 1 | M3: =B3 -> Amphibious | N3: =IFERROR(VLOOKUP($A3,$L$3:$M$55,$M$2,FALSE)," ") -> Amphibious | P3: =A3 -> 1 | Q3: =B3 -> Amphibious | R3: =COUNTIF(Builder!$K$6:$N$6,Q3) -> 0 | S3: =IF(R3=1,Stats!$N18,"") | T3: =IF(R3=1,Stats!$O18,"") | U3: =IF(R3=1,Stats!$P18,"") | V3: =IF(R3=1,Stats!$Q18,"") | W3: =IF(R3=1,Stats!$R18,"") | X3: =IF(R3=1,Stats!$S18,"") | Y3: =COUNTIF($S$3:$X$55,Q3) -> 0 | Z3: =Y3+R3 -> 0 | AA3: =IF(Z3=0,MAX($AA$2:AA2)+1,0) -> 1 | AB3: =B3 -> Amphibious | AC3: =IFERROR(VLOOKUP($A3,$AA$3:$AB$55,$AB$2,FALSE)," ") -> Amphibious | AE3: =A3 -> 1 | AF3: =B3 -> Amphibious | AG3: =COUNTIF(Builder!$K$7:$N$7,AF3) -> 0 | AH3: =IF(AG3=1,Stats!$N18,"") | AI3: =IF(AG3=1,Stats!$O18,"") | AJ3: =IF(AG3=1,Stats!$P18,"") | AK3: =IF(AG3=1,Stats!$Q18,"") | AL3: =IF(AG3=1,Stats!$R18,"") | AM3: =IF(AG3=1,Stats!$S18,"") | AN3: =COUNTIF($AH$3:$AM$55,AF3) -> 0 | AO3: =AN3+AG3 -> 0 | AP3: =IF(AO3=0,MAX($AP$2:AP2)+1,0) -> 1 | AQ3: =B3 -> Amphibious | AR3: =IFERROR(VLOOKUP($A3,$AP$3:$AQ$55,$AQ$2,FALSE)," ") -> Amphibious | AT3: =A3 -> 1 | AU3: =B3 -> Amphibious | AV3: =COUNTIF(Builder!$K$8:$N$8,AU3) -> 0 | AW3: =IF(AV3=1,Stats!$N18,"") | AX3: =IF(AV3=1,Stats!$O18,"") | AY3: =IF(AV3=1,Stats!$P18,"") | AZ3: =IF(AV3=1,Stats!$Q18,"") | BA3: =IF(AV3=1,Stats!$R18,"") | BB3: =IF(AV3=1,Stats!$S18,"") | BC3: =COUNTIF($AV$3:$BB$55,AU3) -> 0 | BD3: =BC3+AV3 -> 0 | BE3: =IF(BD3=0,MAX($BE$2:BE2)+1,0) -> 1 | BF3: =B3 -> Amphibious | BG3: =IFERROR(VLOOKUP($A3,$BE$3:$BF$55,$BF$2,FALSE)," ") -> Amphibious | BI3: =A3 -> 1 | BJ3: =B3 -> Amphibious | BK3: =COUNTIF(Builder!$K$9:$N$9,BJ3) -> 0 | BL3: =IF(BK3=1,Stats!$N18,"") | BM3: =IF(BK3=1,Stats!$O18,"") | BN3: =IF(BK3=1,Stats!$P18,"") | BO3: =IF(BK3=1,Stats!$Q18,"") | BP3: =IF(BK3=1,Stats!$R18,"") | BQ3: =IF(BK3=1,Stats!$S18,"") | BR3: =COUNTIF($BL$3:$BQ$55,BJ3) -> 0 | BS3: =BR3+BK3 -> 0 | BT3: =IF(BS3=0,MAX(BT$2:BT2)+1,0) -> 1 | BU3: =B3 -> Amphibious | BV3: =IFERROR(VLOOKUP($A3,$BT$3:$BU$55,$BU$2,FALSE)," ") -> Amphibious | BX3: =A3 -> 1 | BY3: =B3 -> Amphibious | BZ3: =COUNTIF(Builder!$K$10:$N$10,BY3) -> 0 | CA3: =IF(BZ3=1,Stats!$N18,"") | CB3: =IF(BZ3=1,Stats!$O18,"") | CC3: =IF(BZ3=1,Stats!$P18,"") | CD3: =IF(BZ3=1,Stats!$Q18,"") | CE3: =IF(BZ3=1,Stats!$R18,"") | CF3: =IF(BZ3=1,Stats!$S18,"") | CG3: =COUNTIF($CA$3:$CF$55,BY3) -> 0 | CH3: =CG3+BZ3 -> 0 | CI3: =IF(CH3=0,MAX(CI$2:CI2)+1,0) -> 1 | CJ3: =B3 -> Amphibious | CK3: =IFERROR(VLOOKUP($A3,$CI$3:$CJ$55,$CJ$2,FALSE)," ") -> Amphibious | CM3: =A3 -> 1 | CN3: =B3 -> Amphibious | CO3: =COUNTIF(Builder!$K$11:$N$11,CN3) -> 0 | CP3: =IF(CO3=1,Stats!$N18,"") | CQ3: =IF(CO3=1,Stats!$O18,"") | CR3: =IF(CO3=1,Stats!$P18,"") | CS3: =IF(CO3=1,Stats!$Q18,"") | CT3: =IF(CO3=1,Stats!$R18,"") | CU3: =IF(CO3=1,Stats!$S18,"") | CV3: =COUNTIF($CP$3:$CU$55,CN3) -> 0 | CW3: =CV3+CO3 -> 0 | CX3: =IF(CW3=0,MAX(CX$2:CX2)+1,0) -> 1 | CY3: =B3 -> Amphibious | CZ3: =IFERROR(VLOOKUP($A3,$CX$3:$CY$55,$CJ$2,FALSE)," ") -> Amphibious | DB3: =A3 -> 1 | DC3: =B3 -> Amphibious | DD3: =COUNTIF(Builder!$K$12:$N$12,DC3) -> 0 | DE3: =IF(DD3=1,Stats!$N18,"") | DF3: =IF(DD3=1,Stats!$O18,"") | DG3: =IF(DD3=1,Stats!$P18,"") | DH3: =IF(DD3=1,Stats!$Q18,"") | DI3: =IF(DD3=1,Stats!$R18,"") | DJ3: =IF(DD3=1,Stats!$S18,"") | DK3: =COUNTIF($DE$3:$DJ$55,DC3) -> 0 | DL3: =DK3+DD3 -> 0 | DM3: =IF(DL3=0,MAX(DM$2:DM2)+1,0) -> 1 | DN3: =B3 -> Amphibious | DO3: =IFERROR(VLOOKUP($A3,$DM$3:$DN$55,$CJ$2,FALSE)," ") -> Amphibious | DQ3: =A3 -> 1 | DR3: =B3 -> Amphibious | DS3: =COUNTIF(Builder!$K$13:$N$13,DR3) -> 0 | DT3: =IF(DS3=1,Stats!$N18,"") | DU3: =IF(DS3=1,Stats!$O18,"") | DV3: =IF(DS3=1,Stats!$P18,"") | DW3: =IF(DS3=1,Stats!$Q18,"") | DX3: =IF(DS3=1,Stats!$R18,"") | DY3: =IF(DS3=1,Stats!$S18,"") | DZ3: =COUNTIF($DT$3:$DY$55,DR3) -> 0 | EA3: =DZ3+DS3 -> 0 | EB3: =IF(EA3=0,MAX(EB$2:EB2)+1,0) -> 1 | EC3: =B3 -> Amphibious | ED3: =IFERROR(VLOOKUP($A3,$EB$3:$EC$55,$CJ$2,FALSE)," ") -> Amphibious | EF3: =A3 -> 1 | EG3: =B3 -> Amphibious | EH3: =COUNTIF(Builder!$K$14:$N$14,EG3) -> 0 | EI3: =IF(EH3=1,Stats!$N18,"") | EJ3: =IF(EH3=1,Stats!$O18,"") | EK3: =IF(EH3=1,Stats!$P18,"") | EL3: =IF(EH3=1,Stats!$Q18,"") | EM3: =IF(EH3=1,Stats!$R18,"") | EN3: =IF(EH3=1,Stats!$S18,"") | EO3: =COUNTIF($EI$3:$EN$55,EG3) -> 0 | EP3: =EO3+EH3 -> 0 | EQ3: =IF(EP3=0,MAX(EQ$2:EQ2)+1,0) -> 1 | ER3: =B3 -> Amphibious | ES3: =IFERROR(VLOOKUP($A3,$EQ$3:$ER$55,$CJ$2,FALSE)," ") -> Amphibious | EU3: =A3 -> 1 | EV3: =B3 -> Amphibious | EW3: =COUNTIF(Builder!$K$15:$N$15,EV3) -> 0 | EX3: =IF(EW3=1,Stats!$N18,"") | EY3: =IF(EW3=1,Stats!$O18,"") | EZ3: =IF(EW3=1,Stats!$P18,"") | FA3: =IF(EW3=1,Stats!$Q18,"") | FB3: =IF(EW3=1,Stats!$R18,"") | FC3: =IF(EW3=1,Stats!$S18,"") | FD3: =COUNTIF($EX$3:$FC$55,EV3) -> 0 | FE3: =FD3+EW3 -> 0 | FF3: =IF(FE3=0,MAX(FF$2:FF2)+1,0) -> 1 | FG3: =B3 -> Amphibious | FH3: =IFERROR(VLOOKUP($A3,$FF$3:$FG$55,$CJ$2,FALSE)," ") -> Amphibious | FJ3: =A3 -> 1 | FK3: =B3 -> Amphibious | FL3: =COUNTIF(Builder!$K$16:$N$16,FK3) -> 0 | FM3: =IF(FL3=1,Stats!$N18,"") | FN3: =IF(FL3=1,Stats!$O18,"") | FO3: =IF(FL3=1,Stats!$P18,"") | FP3: =IF(FL3=1,Stats!$Q18,"") | FQ3: =IF(FL3=1,Stats!$R18,"") | FR3: =IF(FL3=1,Stats!$S18,"") | FS3: =COUNTIF($FM$3:$FR$55,FK3) -> 0 | FT3: =FS3+FL3 -> 0 | FU3: =IF(FT3=0,MAX(FU$2:FU2)+1,0) -> 1 | FV3: =B3 -> Amphibious | FW3: =IFERROR(VLOOKUP($A3,$FU$3:$FV$55,$CJ$2,FALSE)," ") -> Amphibious | FY3: =A3 -> 1 | FZ3: =B3 -> Amphibious | GA3: =COUNTIF(Builder!$K$17:$N$17,FZ3) -> 0 | GB3: =IF(GA3=1,Stats!$N18,"") | GC3: =IF(GA3=1,Stats!$O18,"") | GD3: =IF(GA3=1,Stats!$P18,"") | GE3: =IF(GA3=1,Stats!$Q18,"") | GF3: =IF(GA3=1,Stats!$R18,"") | GG3: =IF(GA3=1,Stats!$S18,"") | GH3: =COUNTIF($GB$3:$GG$55,FZ3) -> 0 | GI3: =GH3+GA3 -> 0 | GJ3: =IF(GI3=0,MAX(GJ$2:GJ2)+1,0) -> 1 | GK3: =B3 -> Amphibious | GL3: =IFERROR(VLOOKUP($A3,$GJ$3:$GK$55,$CJ$2,FALSE)," ") -> Amphibious | GN3: =A3 -> 1 | GO3: =B3 -> Amphibious | GP3: =COUNTIF(Builder!$K$18:$N$18,GO3) -> 0 | GQ3: =IF(GP3=1,Stats!$N18,"") | GR3: =IF(GP3=1,Stats!$O18,"") | GS3: =IF(GP3=1,Stats!$P18,"") | GT3: =IF(GP3=1,Stats!$Q18,"") | GU3: =IF(GP3=1,Stats!$R18,"") | GV3: =IF(GP3=1,Stats!$S18,"") | GW3: =COUNTIF($GQ$3:$GV$55,GO3) -> 0 | GX3: =GW3+GP3 -> 0 | GY3: =IF(GX3=0,MAX(GY$2:GY2)+1,0) -> 1 | GZ3: =B3 -> Amphibious | HA3: =IFERROR(VLOOKUP($A3,$GY$3:$GZ$55,$CJ$2,FALSE)," ") -> Amphibious | HC3: =A3 -> 1 | HD3: =B3 -> Amphibious | HE3: =COUNTIF(Builder!$K$19:$N$19,HD3) -> 0 | HF3: =IF(HE3=1,Stats!$N18,"") | HG3: =IF(HE3=1,Stats!$O18,"") | HH3: =IF(HE3=1,Stats!$P18,"") | HI3: =IF(HE3=1,Stats!$Q18,"") | HJ3: =IF(HE3=1,Stats!$R18,"") | HK3: =IF(HE3=1,Stats!$S18,"") | HL3: =COUNTIF($HF$3:$HK$55,HD3) -> 0 | HM3: =HL3+HE3 -> 0 | HN3: =IF(HM3=0,MAX(HN$2:HN2)+1,0) -> 1 | HO3: =B3 -> Amphibious | HP3: =IFERROR(VLOOKUP($A3,$HN$3:$HO$55,$CJ$2,FALSE)," ") -> Amphibious | HR3: =A3 -> 1 | HS3: =B3 -> Amphibious | HT3: =COUNTIF(Builder!$K$20:$N$20,HS3) -> 0 | HU3: =IF(HT3=1,Stats!$N18,"") | HV3: =IF(HT3=1,Stats!$O18,"") | HW3: =IF(HT3=1,Stats!$P18,"") | HX3: =IF(HT3=1,Stats!$Q18,"") | HY3: =IF(HT3=1,Stats!$R18,"") | HZ3: =IF(HT3=1,Stats!$S18,"") | IA3: =COUNTIF($HU$3:$HZ$55,HS3) -> 0 | IB3: =IA3+HT3 -> 0 | IC3: =IF(IB3=0,MAX(IC$2:IC2)+1,0) -> 1 | ID3: =B3 -> Amphibious | IE3: =IFERROR(VLOOKUP($A3,$IC$3:$ID$55,$CJ$2,FALSE)," ") -> Amphibious | IG3: =A3 -> 1 | IH3: =B3 -> Amphibious | II3: =COUNTIF(Builder!$K$21:$N$21,IH3) -> 0 | IJ3: =IF(II3=1,Stats!$N18,"") | IK3: =IF(II3=1,Stats!$O18,"") | IL3: =IF(II3=1,Stats!$P18,"") | IM3: =IF(II3=1,Stats!$Q18,"") | IN3: =IF(II3=1,Stats!$R18,"") | IO3: =IF(II3=1,Stats!$S18,"") | IP3: =COUNTIF($IJ$3:$IO$55,IH3) -> 0 | IQ3: =IP3+II3 -> 0 | IR3: =IF(IQ3=0,MAX(IR$2:IR2)+1,0) -> 1 | IS3: =B3 -> Amphibious | IT3: =IFERROR(VLOOKUP($A3,$IR$3:$IS$55,$CJ$2,FALSE)," ") -> Amphibious | IV3: =A3 -> 1 | IW3: =B3 -> Amphibious | IX3: =COUNTIF(Builder!$K$22:$N$22,IW3) -> 0 | IY3: =IF(IX3=1,Stats!$N18,"") | IZ3: =IF(IX3=1,Stats!$O18,"") | JA3: =IF(IX3=1,Stats!$P18,"") | JB3: =IF(IX3=1,Stats!$Q18,"") | JC3: =IF(IX3=1,Stats!$R18,"") | JD3: =IF(IX3=1,Stats!$S18,"") | JE3: =COUNTIF($IY$3:$JD$55,IW3) -> 0 | JF3: =JE3+IX3 -> 0 | JG3: =IF(JF3=0,MAX(JG$2:JG2)+1,0) -> 1 | JH3: =B3 -> Amphibious | JI3: =IFERROR(VLOOKUP($A3,$JG$3:$JH$55,$CJ$2,FALSE)," ") -> Amphibious | JK3: =A3 -> 1 | JL3: =B3 -> Amphibious | JM3: =COUNTIF(Builder!$K$23:$N$23,JL3) -> 0 | JN3: =IF(JM3=1,Stats!$N18,"") | JO3: =IF(JM3=1,Stats!$O18,"") | JP3: =IF(JM3=1,Stats!$P18,"") | JQ3: =IF(JM3=1,Stats!$Q18,"") | JR3: =IF(JM3=1,Stats!$R18,"") | JS3: =IF(JM3=1,Stats!$S18,"") | JT3: =COUNTIF($JN$3:$JS$55,JL3) -> 0 | JU3: =JT3+JM3 -> 0 | JV3: =IF(JU3=0,MAX(JV$2:JV2)+1,0) -> 1 | JW3: =B3 -> Amphibious | JX3: =IFERROR(VLOOKUP($A3,$JV$3:$JW$55,$CJ$2,FALSE)," ") -> Amphibious | JZ3: =A3 -> 1 | KA3: =B3 -> Amphibious | KB3: =COUNTIF(Builder!$K$24:$N$24,KA3) -> 0 | KC3: =IF(KB3=1,Stats!$N18,"") | KD3: =IF(KB3=1,Stats!$O18,"") | KE3: =IF(KB3=1,Stats!$P18,"") | KF3: =IF(KB3=1,Stats!$Q18,"") | KG3: =IF(KB3=1,Stats!$R18,"") | KH3: =IF(KB3=1,Stats!$S18,"") | KI3: =COUNTIF($KC$3:$KH$55,KA3) -> 0 | KJ3: =KI3+KB3 -> 0 | KK3: =IF(KJ3=0,MAX(KK$2:KK2)+1,0) -> 1 | KL3: =B3 -> Amphibious | KM3: =IFERROR(VLOOKUP($A3,$KK$3:$KL$55,$CJ$2,FALSE)," ") -> Amphibious | KO3: =A3 -> 1 | KP3: =B3 -> Amphibious | KQ3: =COUNTIF(Builder!$K$25:$N$25,KP3) -> 0 | KR3: =IF(KQ3=1,Stats!$N18,"") | KS3: =IF(KQ3=1,Stats!$O18,"") | KT3: =IF(KQ3=1,Stats!$P18,"") | KU3: =IF(KQ3=1,Stats!$Q18,"") | KV3: =IF(KQ3=1,Stats!$R18,"") | KW3: =IF(KQ3=1,Stats!$S18,"") | KX3: =COUNTIF($KR$3:$KW$55,KP3) -> 0 | KY3: =KX3+KQ3 -> 0 | KZ3: =IF(KY3=0,MAX(KZ$2:KZ2)+1,0) -> 1 | LA3: =B3 -> Amphibious | LB3: =IFERROR(VLOOKUP($A3,$KZ$3:$LA$55,$CJ$2,FALSE)," ") -> Amphibious | LD3: =A3 -> 1 | LE3: =B3 -> Amphibious | LF3: =COUNTIF(Builder!$K$26:$N$26,LE3) -> 0 | LG3: =IF(LF3=1,Stats!$N18,"") | LH3: =IF(LF3=1,Stats!$O18,"") | LI3: =IF(LF3=1,Stats!$P18,"") | LJ3: =IF(LF3=1,Stats!$Q18,"") | LK3: =IF(LF3=1,Stats!$R18,"") | LL3: =IF(LF3=1,Stats!$S18,"") | LM3: =COUNTIF($LG$3:$LL$55,LE3) -> 0 | LN3: =LM3+LF3 -> 0 | LO3: =IF(LN3=0,MAX(LO$2:LO2)+1,0) -> 1 | LP3: =B3 -> Amphibious | LQ3: =IFERROR(VLOOKUP($A3,$LO$3:$LP$55,$CJ$2,FALSE)," ") -> Amphibious | LS3: =A3 -> 1 | LT3: =B3 -> Amphibious | LU3: =COUNTIF(Builder!$K$27:$N$27,LT3) -> 0 | LV3: =IF(LU3=1,Stats!$N18,"") | LW3: =IF(LU3=1,Stats!$O18,"") | LX3: =IF(LU3=1,Stats!$P18,"") | LY3: =IF(LU3=1,Stats!$Q18,"") | LZ3: =IF(LU3=1,Stats!$R18,"") | MA3: =IF(LU3=1,Stats!$S18,"") | MB3: =COUNTIF($LV$3:$MA$55,LT3) -> 0 | MC3: =MB3+LU3 -> 0 | MD3: =IF(MC3=0,MAX(MD$2:MD2)+1,0) -> 1 | ME3: =B3 -> Amphibious | MF3: =IFERROR(VLOOKUP($A3,$MD$3:$ME$55,$CJ$2,FALSE)," ") -> Amphibious | MH3: =A3 -> 1 | MI3: =B3 -> Amphibious | MJ3: =COUNTIF(Builder!$K$28:$N$28,MI3) -> 0 | MK3: =IF(MJ3=1,Stats!$N18,"") | ML3: =IF(MJ3=1,Stats!$O18,"") | MM3: =IF(MJ3=1,Stats!$P18,"") | MN3: =IF(MJ3=1,Stats!$Q18,"") | MO3: =IF(MJ3=1,Stats!$R18,"") | MP3: =IF(MJ3=1,Stats!$S18,"") | MQ3: =COUNTIF($MK$3:$MP$55,MI3) -> 0 | MR3: =MQ3+MJ3 -> 0 | MS3: =IF(MR3=0,MAX(MS$2:MS2)+1,0) -> 1 | MT3: =B3 -> Amphibious | MU3: =IFERROR(VLOOKUP($A3,$MS$3:$MT$55,$CJ$2,FALSE)," ") -> Amphibious | MW3: =A3 -> 1 | MX3: =B3 -> Amphibious | MY3: =COUNTIF(Builder!$K$29:$N$29,MX3) -> 0 | MZ3: =IF(MY3=1,Stats!$N18,"") | NA3: =IF(MY3=1,Stats!$O18,"") | NB3: =IF(MY3=1,Stats!$P18,"") | NC3: =IF(MY3=1,Stats!$Q18,"") | ND3: =IF(MY3=1,Stats!$R18,"") | NE3: =IF(MY3=1,Stats!$S18,"") | NF3: =COUNTIF($MZ$3:$NE$55,MX3) -> 0 | NG3: =NF3+MY3 -> 0 | NH3: =IF(NG3=0,MAX(NH$2:NH2)+1,0) -> 1 | NI3: =B3 -> Amphibious | NJ3: =IFERROR(VLOOKUP($A3,$NH$3:$NI$55,$CJ$2,FALSE)," ") -> Amphibious
A4: 2 | B4: Artillery | C4: =COUNTIF(Builder!$K$5:$N$5,B4) -> 0 | D4: =IF(C4=1,Stats!$N19,"") | E4: =IF(C4=1,Stats!$O19,"") | F4: =IF(C4=1,Stats!$P19,"") | G4: =IF(C4=1,Stats!$Q19,"") | H4: =IF(C4=1,Stats!$R19,"") | I4: =IF(C4=1,Stats!$S19,"") | J4: =COUNTIF($D$3:$I$55,B4) -> 0 | K4: =J4+C4 -> 0 | L4: =IF(K4=0,MAX($L$2:L3)+1,0) -> 2 | M4: =B4 -> Artillery | N4: =IFERROR(VLOOKUP($A4,$L$3:$M$55,$M$2,FALSE)," ") -> Artillery | P4: =A4 -> 2 | Q4: =B4 -> Artillery | R4: =COUNTIF(Builder!$K$6:$N$6,Q4) -> 0 | S4: =IF(R4=1,Stats!$N19,"") | T4: =IF(R4=1,Stats!$O19,"") | U4: =IF(R4=1,Stats!$P19,"") | V4: =IF(R4=1,Stats!$Q19,"") | W4: =IF(R4=1,Stats!$R19,"") | X4: =IF(R4=1,Stats!$S19,"") | Y4: =COUNTIF($S$3:$X$55,Q4) -> 0 | Z4: =Y4+R4 -> 0 | AA4: =IF(Z4=0,MAX($AA$2:AA3)+1,0) -> 2 | AB4: =B4 -> Artillery | AC4: =IFERROR(VLOOKUP($A4,$AA$3:$AB$55,$AB$2,FALSE)," ") -> Artillery | AE4: =A4 -> 2 | AF4: =B4 -> Artillery | AG4: =COUNTIF(Builder!$K$7:$N$7,AF4) -> 0 | AH4: =IF(AG4=1,Stats!$N19,"") | AI4: =IF(AG4=1,Stats!$O19,"") | AJ4: =IF(AG4=1,Stats!$P19,"") | AK4: =IF(AG4=1,Stats!$Q19,"") | AL4: =IF(AG4=1,Stats!$R19,"") | AM4: =IF(AG4=1,Stats!$S19,"") | AN4: =COUNTIF($AH$3:$AM$55,AF4) -> 0 | AO4: =AN4+AG4 -> 0 | AP4: =IF(AO4=0,MAX($AP$2:AP3)+1,0) -> 2 | AQ4: =B4 -> Artillery | AR4: =IFERROR(VLOOKUP($A4,$AP$3:$AQ$55,$AQ$2,FALSE)," ") -> Artillery | AT4: =A4 -> 2 | AU4: =B4 -> Artillery | AV4: =COUNTIF(Builder!$K$8:$N$8,AU4) -> 0 | AW4: =IF(AV4=1,Stats!$N19,"") | AX4: =IF(AV4=1,Stats!$O19,"") | AY4: =IF(AV4=1,Stats!$P19,"") | AZ4: =IF(AV4=1,Stats!$Q19,"") | BA4: =IF(AV4=1,Stats!$R19,"") | BB4: =IF(AV4=1,Stats!$S19,"") | BC4: =COUNTIF($AV$3:$BB$55,AU4) -> 0 | BD4: =BC4+AV4 -> 0 | BE4: =IF(BD4=0,MAX($BE$2:BE3)+1,0) -> 2 | BF4: =B4 -> Artillery | BG4: =IFERROR(VLOOKUP($A4,$BE$3:$BF$55,$BF$2,FALSE)," ") -> Artillery | BI4: =A4 -> 2 | BJ4: =B4 -> Artillery | BK4: =COUNTIF(Builder!$K$9:$N$9,BJ4) -> 0 | BL4: =IF(BK4=1,Stats!$N19,"") | BM4: =IF(BK4=1,Stats!$O19,"") | BN4: =IF(BK4=1,Stats!$P19,"") | BO4: =IF(BK4=1,Stats!$Q19,"") | BP4: =IF(BK4=1,Stats!$R19,"") | BQ4: =IF(BK4=1,Stats!$S19,"") | BR4: =COUNTIF($BL$3:$BQ$55,BJ4) -> 0 | BS4: =BR4+BK4 -> 0 | BT4: =IF(BS4=0,MAX(BT$2:BT3)+1,0) -> 2 | BU4: =B4 -> Artillery | BV4: =IFERROR(VLOOKUP($A4,$BT$3:$BU$55,$BU$2,FALSE)," ") -> Artillery | BX4: =A4 -> 2 | BY4: =B4 -> Artillery | BZ4: =COUNTIF(Builder!$K$10:$N$10,BY4) -> 0 | CA4: =IF(BZ4=1,Stats!$N19,"") | CB4: =IF(BZ4=1,Stats!$O19,"") | CC4: =IF(BZ4=1,Stats!$P19,"") | CD4: =IF(BZ4=1,Stats!$Q19,"") | CE4: =IF(BZ4=1,Stats!$R19,"") | CF4: =IF(BZ4=1,Stats!$S19,"") | CG4: =COUNTIF($CA$3:$CF$55,BY4) -> 0 | CH4: =CG4+BZ4 -> 0 | CI4: =IF(CH4=0,MAX(CI$2:CI3)+1,0) -> 2 | CJ4: =B4 -> Artillery | CK4: =IFERROR(VLOOKUP($A4,$CI$3:$CJ$55,$CJ$2,FALSE)," ") -> Artillery | CM4: =A4 -> 2 | CN4: =B4 -> Artillery | CO4: =COUNTIF(Builder!$K$11:$N$11,CN4) -> 0 | CP4: =IF(CO4=1,Stats!$N19,"") | CQ4: =IF(CO4=1,Stats!$O19,"") | CR4: =IF(CO4=1,Stats!$P19,"") | CS4: =IF(CO4=1,Stats!$Q19,"") | CT4: =IF(CO4=1,Stats!$R19,"") | CU4: =IF(CO4=1,Stats!$S19,"") | CV4: =COUNTIF($CP$3:$CU$55,CN4) -> 0 | CW4: =CV4+CO4 -> 0 | CX4: =IF(CW4=0,MAX(CX$2:CX3)+1,0) -> 2 | CY4: =B4 -> Artillery | CZ4: =IFERROR(VLOOKUP($A4,$CX$3:$CY$55,$CJ$2,FALSE)," ") -> Artillery | DB4: =A4 -> 2 | DC4: =B4 -> Artillery | DD4: =COUNTIF(Builder!$K$12:$N$12,DC4) -> 0 | DE4: =IF(DD4=1,Stats!$N19,"") | DF4: =IF(DD4=1,Stats!$O19,"") | DG4: =IF(DD4=1,Stats!$P19,"") | DH4: =IF(DD4=1,Stats!$Q19,"") | DI4: =IF(DD4=1,Stats!$R19,"") | DJ4: =IF(DD4=1,Stats!$S19,"") | DK4: =COUNTIF($DE$3:$DJ$55,DC4) -> 0 | DL4: =DK4+DD4 -> 0 | DM4: =IF(DL4=0,MAX(DM$2:DM3)+1,0) -> 2 | DN4: =B4 -> Artillery | DO4: =IFERROR(VLOOKUP($A4,$DM$3:$DN$55,$CJ$2,FALSE)," ") -> Artillery | DQ4: =A4 -> 2 | DR4: =B4 -> Artillery | DS4: =COUNTIF(Builder!$K$13:$N$13,DR4) -> 0 | DT4: =IF(DS4=1,Stats!$N19,"") | DU4: =IF(DS4=1,Stats!$O19,"") | DV4: =IF(DS4=1,Stats!$P19,"") | DW4: =IF(DS4=1,Stats!$Q19,"") | DX4: =IF(DS4=1,Stats!$R19,"") | DY4: =IF(DS4=1,Stats!$S19,"") | DZ4: =COUNTIF($DT$3:$DY$55,DR4) -> 0 | EA4: =DZ4+DS4 -> 0 | EB4: =IF(EA4=0,MAX(EB$2:EB3)+1,0) -> 2 | EC4: =B4 -> Artillery | ED4: =IFERROR(VLOOKUP($A4,$EB$3:$EC$55,$CJ$2,FALSE)," ") -> Artillery | EF4: =A4 -> 2 | EG4: =B4 -> Artillery | EH4: =COUNTIF(Builder!$K$14:$N$14,EG4) -> 0 | EI4: =IF(EH4=1,Stats!$N19,"") | EJ4: =IF(EH4=1,Stats!$O19,"") | EK4: =IF(EH4=1,Stats!$P19,"") | EL4: =IF(EH4=1,Stats!$Q19,"") | EM4: =IF(EH4=1,Stats!$R19,"") | EN4: =IF(EH4=1,Stats!$S19,"") | EO4: =COUNTIF($EI$3:$EN$55,EG4) -> 0 | EP4: =EO4+EH4 -> 0 | EQ4: =IF(EP4=0,MAX(EQ$2:EQ3)+1,0) -> 2 | ER4: =B4 -> Artillery | ES4: =IFERROR(VLOOKUP($A4,$EQ$3:$ER$55,$CJ$2,FALSE)," ") -> Artillery | EU4: =A4 -> 2 | EV4: =B4 -> Artillery | EW4: =COUNTIF(Builder!$K$15:$N$15,EV4) -> 0 | EX4: =IF(EW4=1,Stats!$N19,"") | EY4: =IF(EW4=1,Stats!$O19,"") | EZ4: =IF(EW4=1,Stats!$P19,"") | FA4: =IF(EW4=1,Stats!$Q19,"") | FB4: =IF(EW4=1,Stats!$R19,"") | FC4: =IF(EW4=1,Stats!$S19,"") | FD4: =COUNTIF($EX$3:$FC$55,EV4) -> 0 | FE4: =FD4+EW4 -> 0 | FF4: =IF(FE4=0,MAX(FF$2:FF3)+1,0) -> 2 | FG4: =B4 -> Artillery | FH4: =IFERROR(VLOOKUP($A4,$FF$3:$FG$55,$CJ$2,FALSE)," ") -> Artillery | FJ4: =A4 -> 2 | FK4: =B4 -> Artillery | FL4: =COUNTIF(Builder!$K$16:$N$16,FK4) -> 0 | FM4: =IF(FL4=1,Stats!$N19,"") | FN4: =IF(FL4=1,Stats!$O19,"") | FO4: =IF(FL4=1,Stats!$P19,"") | FP4: =IF(FL4=1,Stats!$Q19,"") | FQ4: =IF(FL4=1,Stats!$R19,"") | FR4: =IF(FL4=1,Stats!$S19,"") | FS4: =COUNTIF($FM$3:$FR$55,FK4) -> 0 | FT4: =FS4+FL4 -> 0 | FU4: =IF(FT4=0,MAX(FU$2:FU3)+1,0) -> 2 | FV4: =B4 -> Artillery | FW4: =IFERROR(VLOOKUP($A4,$FU$3:$FV$55,$CJ$2,FALSE)," ") -> Artillery | FY4: =A4 -> 2 | FZ4: =B4 -> Artillery | GA4: =COUNTIF(Builder!$K$17:$N$17,FZ4) -> 0 | GB4: =IF(GA4=1,Stats!$N19,"") | GC4: =IF(GA4=1,Stats!$O19,"") | GD4: =IF(GA4=1,Stats!$P19,"") | GE4: =IF(GA4=1,Stats!$Q19,"") | GF4: =IF(GA4=1,Stats!$R19,"") | GG4: =IF(GA4=1,Stats!$S19,"") | GH4: =COUNTIF($GB$3:$GG$55,FZ4) -> 0 | GI4: =GH4+GA4 -> 0 | GJ4: =IF(GI4=0,MAX(GJ$2:GJ3)+1,0) -> 2 | GK4: =B4 -> Artillery | GL4: =IFERROR(VLOOKUP($A4,$GJ$3:$GK$55,$CJ$2,FALSE)," ") -> Artillery | GN4: =A4 -> 2 | GO4: =B4 -> Artillery | GP4: =COUNTIF(Builder!$K$18:$N$18,GO4) -> 0 | GQ4: =IF(GP4=1,Stats!$N19,"") | GR4: =IF(GP4=1,Stats!$O19,"") | GS4: =IF(GP4=1,Stats!$P19,"") | GT4: =IF(GP4=1,Stats!$Q19,"") | GU4: =IF(GP4=1,Stats!$R19,"") | GV4: =IF(GP4=1,Stats!$S19,"") | GW4: =COUNTIF($GQ$3:$GV$55,GO4) -> 0 | GX4: =GW4+GP4 -> 0 | GY4: =IF(GX4=0,MAX(GY$2:GY3)+1,0) -> 2 | GZ4: =B4 -> Artillery | HA4: =IFERROR(VLOOKUP($A4,$GY$3:$GZ$55,$CJ$2,FALSE)," ") -> Artillery | HC4: =A4 -> 2 | HD4: =B4 -> Artillery | HE4: =COUNTIF(Builder!$K$19:$N$19,HD4) -> 0 | HF4: =IF(HE4=1,Stats!$N19,"") | HG4: =IF(HE4=1,Stats!$O19,"") | HH4: =IF(HE4=1,Stats!$P19,"") | HI4: =IF(HE4=1,Stats!$Q19,"") | HJ4: =IF(HE4=1,Stats!$R19,"") | HK4: =IF(HE4=1,Stats!$S19,"") | HL4: =COUNTIF($HF$3:$HK$55,HD4) -> 0 | HM4: =HL4+HE4 -> 0 | HN4: =IF(HM4=0,MAX(HN$2:HN3)+1,0) -> 2 | HO4: =B4 -> Artillery | HP4: =IFERROR(VLOOKUP($A4,$HN$3:$HO$55,$CJ$2,FALSE)," ") -> Artillery | HR4: =A4 -> 2 | HS4: =B4 -> Artillery | HT4: =COUNTIF(Builder!$K$20:$N$20,HS4) -> 0 | HU4: =IF(HT4=1,Stats!$N19,"") | HV4: =IF(HT4=1,Stats!$O19,"") | HW4: =IF(HT4=1,Stats!$P19,"") | HX4: =IF(HT4=1,Stats!$Q19,"") | HY4: =IF(HT4=1,Stats!$R19,"") | HZ4: =IF(HT4=1,Stats!$S19,"") | IA4: =COUNTIF($HU$3:$HZ$55,HS4) -> 0 | IB4: =IA4+HT4 -> 0 | IC4: =IF(IB4=0,MAX(IC$2:IC3)+1,0) -> 2 | ID4: =B4 -> Artillery | IE4: =IFERROR(VLOOKUP($A4,$IC$3:$ID$55,$CJ$2,FALSE)," ") -> Artillery | IG4: =A4 -> 2 | IH4: =B4 -> Artillery | II4: =COUNTIF(Builder!$K$21:$N$21,IH4) -> 0 | IJ4: =IF(II4=1,Stats!$N19,"") | IK4: =IF(II4=1,Stats!$O19,"") | IL4: =IF(II4=1,Stats!$P19,"") | IM4: =IF(II4=1,Stats!$Q19,"") | IN4: =IF(II4=1,Stats!$R19,"") | IO4: =IF(II4=1,Stats!$S19,"") | IP4: =COUNTIF($IJ$3:$IO$55,IH4) -> 0 | IQ4: =IP4+II4 -> 0 | IR4: =IF(IQ4=0,MAX(IR$2:IR3)+1,0) -> 2 | IS4: =B4 -> Artillery | IT4: =IFERROR(VLOOKUP($A4,$IR$3:$IS$55,$CJ$2,FALSE)," ") -> Artillery | IV4: =A4 -> 2 | IW4: =B4 -> Artillery | IX4: =COUNTIF(Builder!$K$22:$N$22,IW4) -> 0 | IY4: =IF(IX4=1,Stats!$N19,"") | IZ4: =IF(IX4=1,Stats!$O19,"") | JA4: =IF(IX4=1,Stats!$P19,"") | JB4: =IF(IX4=1,Stats!$Q19,"") | JC4: =IF(IX4=1,Stats!$R19,"") | JD4: =IF(IX4=1,Stats!$S19,"") | JE4: =COUNTIF($IY$3:$JD$55,IW4) -> 0 | JF4: =JE4+IX4 -> 0 | JG4: =IF(JF4=0,MAX(JG$2:JG3)+1,0) -> 2 | JH4: =B4 -> Artillery | JI4: =IFERROR(VLOOKUP($A4,$JG$3:$JH$55,$CJ$2,FALSE)," ") -> Artillery | JK4: =A4 -> 2 | JL4: =B4 -> Artillery | JM4: =COUNTIF(Builder!$K$23:$N$23,JL4) -> 0 | JN4: =IF(JM4=1,Stats!$N19,"") | JO4: =IF(JM4=1,Stats!$O19,"") | JP4: =IF(JM4=1,Stats!$P19,"") | JQ4: =IF(JM4=1,Stats!$Q19,"") | JR4: =IF(JM4=1,Stats!$R19,"") | JS4: =IF(JM4=1,Stats!$S19,"") | JT4: =COUNTIF($JN$3:$JS$55,JL4) -> 0 | JU4: =JT4+JM4 -> 0 | JV4: =IF(JU4=0,MAX(JV$2:JV3)+1,0) -> 2 | JW4: =B4 -> Artillery | JX4: =IFERROR(VLOOKUP($A4,$JV$3:$JW$55,$CJ$2,FALSE)," ") -> Artillery | JZ4: =A4 -> 2 | KA4: =B4 -> Artillery | KB4: =COUNTIF(Builder!$K$24:$N$24,KA4) -> 0 | KC4: =IF(KB4=1,Stats!$N19,"") | KD4: =IF(KB4=1,Stats!$O19,"") | KE4: =IF(KB4=1,Stats!$P19,"") | KF4: =IF(KB4=1,Stats!$Q19,"") | KG4: =IF(KB4=1,Stats!$R19,"") | KH4: =IF(KB4=1,Stats!$S19,"") | KI4: =COUNTIF($KC$3:$KH$55,KA4) -> 0 | KJ4: =KI4+KB4 -> 0 | KK4: =IF(KJ4=0,MAX(KK$2:KK3)+1,0) -> 2 | KL4: =B4 -> Artillery | KM4: =IFERROR(VLOOKUP($A4,$KK$3:$KL$55,$CJ$2,FALSE)," ") -> Artillery | KO4: =A4 -> 2 | KP4: =B4 -> Artillery | KQ4: =COUNTIF(Builder!$K$25:$N$25,KP4) -> 0 | KR4: =IF(KQ4=1,Stats!$N19,"") | KS4: =IF(KQ4=1,Stats!$O19,"") | KT4: =IF(KQ4=1,Stats!$P19,"") | KU4: =IF(KQ4=1,Stats!$Q19,"") | KV4: =IF(KQ4=1,Stats!$R19,"") | KW4: =IF(KQ4=1,Stats!$S19,"") | KX4: =COUNTIF($KR$3:$KW$55,KP4) -> 0 | KY4: =KX4+KQ4 -> 0 | KZ4: =IF(KY4=0,MAX(KZ$2:KZ3)+1,0) -> 2 | LA4: =B4 -> Artillery | LB4: =IFERROR(VLOOKUP($A4,$KZ$3:$LA$55,$CJ$2,FALSE)," ") -> Artillery | LD4: =A4 -> 2 | LE4: =B4 -> Artillery | LF4: =COUNTIF(Builder!$K$26:$N$26,LE4) -> 0 | LG4: =IF(LF4=1,Stats!$N19,"") | LH4: =IF(LF4=1,Stats!$O19,"") | LI4: =IF(LF4=1,Stats!$P19,"") | LJ4: =IF(LF4=1,Stats!$Q19,"") | LK4: =IF(LF4=1,Stats!$R19,"") | LL4: =IF(LF4=1,Stats!$S19,"") | LM4: =COUNTIF($LG$3:$LL$55,LE4) -> 0 | LN4: =LM4+LF4 -> 0 | LO4: =IF(LN4=0,MAX(LO$2:LO3)+1,0) -> 2 | LP4: =B4 -> Artillery | LQ4: =IFERROR(VLOOKUP($A4,$LO$3:$LP$55,$CJ$2,FALSE)," ") -> Artillery | LS4: =A4 -> 2 | LT4: =B4 -> Artillery | LU4: =COUNTIF(Builder!$K$27:$N$27,LT4) -> 0 | LV4: =IF(LU4=1,Stats!$N19,"") | LW4: =IF(LU4=1,Stats!$O19,"") | LX4: =IF(LU4=1,Stats!$P19,"") | LY4: =IF(LU4=1,Stats!$Q19,"") | LZ4: =IF(LU4=1,Stats!$R19,"") | MA4: =IF(LU4=1,Stats!$S19,"") | MB4: =COUNTIF($LV$3:$MA$55,LT4) -> 0 | MC4: =MB4+LU4 -> 0 | MD4: =IF(MC4=0,MAX(MD$2:MD3)+1,0) -> 2 | ME4: =B4 -> Artillery | MF4: =IFERROR(VLOOKUP($A4,$MD$3:$ME$55,$CJ$2,FALSE)," ") -> Artillery | MH4: =A4 -> 2 | MI4: =B4 -> Artillery | MJ4: =COUNTIF(Builder!$K$28:$N$28,MI4) -> 0 | MK4: =IF(MJ4=1,Stats!$N19,"") | ML4: =IF(MJ4=1,Stats!$O19,"") | MM4: =IF(MJ4=1,Stats!$P19,"") | MN4: =IF(MJ4=1,Stats!$Q19,"") | MO4: =IF(MJ4=1,Stats!$R19,"") | MP4: =IF(MJ4=1,Stats!$S19,"") | MQ4: =COUNTIF($MK$3:$MP$55,MI4) -> 0 | MR4: =MQ4+MJ4 -> 0 | MS4: =IF(MR4=0,MAX(MS$2:MS3)+1,0) -> 2 | MT4: =B4 -> Artillery | MU4: =IFERROR(VLOOKUP($A4,$MS$3:$MT$55,$CJ$2,FALSE)," ") -> Artillery | MW4: =A4 -> 2 | MX4: =B4 -> Artillery | MY4: =COUNTIF(Builder!$K$29:$N$29,MX4) -> 0 | MZ4: =IF(MY4=1,Stats!$N19,"") | NA4: =IF(MY4=1,Stats!$O19,"") | NB4: =IF(MY4=1,Stats!$P19,"") | NC4: =IF(MY4=1,Stats!$Q19,"") | ND4: =IF(MY4=1,Stats!$R19,"") | NE4: =IF(MY4=1,Stats!$S19,"") | NF4: =COUNTIF($MZ$3:$NE$55,MX4) -> 0 | NG4: =NF4+MY4 -> 0 | NH4: =IF(NG4=0,MAX(NH$2:NH3)+1,0) -> 2 | NI4: =B4 -> Artillery | NJ4: =IFERROR(VLOOKUP($A4,$NH$3:$NI$55,$CJ$2,FALSE)," ") -> Artillery
A5: 3 | B5: Artillery (indirect) | C5: =COUNTIF(Builder!$K$5:$N$5,B5) -> 0 | D5: =IF(C5=1,Stats!$N20,"") | E5: =IF(C5=1,Stats!$O20,"") | F5: =IF(C5=1,Stats!$P20,"") | G5: =IF(C5=1,Stats!$Q20,"") | H5: =IF(C5=1,Stats!$R20,"") | I5: =IF(C5=1,Stats!$S20,"") | J5: =COUNTIF($D$3:$I$55,B5) -> 0 | K5: =J5+C5 -> 0 | L5: =IF(K5=0,MAX($L$2:L4)+1,0) -> 3 | M5: =B5 -> Artillery (indirect) | N5: =IFERROR(VLOOKUP($A5,$L$3:$M$55,$M$2,FALSE)," ") -> Artillery (indirect) | P5: =A5 -> 3 | Q5: =B5 -> Artillery (indirect) | R5: =COUNTIF(Builder!$K$6:$N$6,Q5) -> 0 | S5: =IF(R5=1,Stats!$N20,"") | T5: =IF(R5=1,Stats!$O20,"") | U5: =IF(R5=1,Stats!$P20,"") | V5: =IF(R5=1,Stats!$Q20,"") | W5: =IF(R5=1,Stats!$R20,"") | X5: =IF(R5=1,Stats!$S20,"") | Y5: =COUNTIF($S$3:$X$55,Q5) -> 0 | Z5: =Y5+R5 -> 0 | AA5: =IF(Z5=0,MAX($AA$2:AA4)+1,0) -> 3 | AB5: =B5 -> Artillery (indirect) | AC5: =IFERROR(VLOOKUP($A5,$AA$3:$AB$55,$AB$2,FALSE)," ") -> Artillery (indirect) | AE5: =A5 -> 3 | AF5: =B5 -> Artillery (indirect) | AG5: =COUNTIF(Builder!$K$7:$N$7,AF5) -> 0 | AH5: =IF(AG5=1,Stats!$N20,"") | AI5: =IF(AG5=1,Stats!$O20,"") | AJ5: =IF(AG5=1,Stats!$P20,"") | AK5: =IF(AG5=1,Stats!$Q20,"") | AL5: =IF(AG5=1,Stats!$R20,"") | AM5: =IF(AG5=1,Stats!$S20,"") | AN5: =COUNTIF($AH$3:$AM$55,AF5) -> 0 | AO5: =AN5+AG5 -> 0 | AP5: =IF(AO5=0,MAX($AP$2:AP4)+1,0) -> 3 | AQ5: =B5 -> Artillery (indirect) | AR5: =IFERROR(VLOOKUP($A5,$AP$3:$AQ$55,$AQ$2,FALSE)," ") -> Artillery (indirect) | AT5: =A5 -> 3 | AU5: =B5 -> Artillery (indirect) | AV5: =COUNTIF(Builder!$K$8:$N$8,AU5) -> 0 | AW5: =IF(AV5=1,Stats!$N20,"") | AX5: =IF(AV5=1,Stats!$O20,"") | AY5: =IF(AV5=1,Stats!$P20,"") | AZ5: =IF(AV5=1,Stats!$Q20,"") | BA5: =IF(AV5=1,Stats!$R20,"") | BB5: =IF(AV5=1,Stats!$S20,"") | BC5: =COUNTIF($AV$3:$BB$55,AU5) -> 0 | BD5: =BC5+AV5 -> 0 | BE5: =IF(BD5=0,MAX($BE$2:BE4)+1,0) -> 3 | BF5: =B5 -> Artillery (indirect) | BG5: =IFERROR(VLOOKUP($A5,$BE$3:$BF$55,$BF$2,FALSE)," ") -> Artillery (indirect) | BI5: =A5 -> 3 | BJ5: =B5 -> Artillery (indirect) | BK5: =COUNTIF(Builder!$K$9:$N$9,BJ5) -> 0 | BL5: =IF(BK5=1,Stats!$N20,"") | BM5: =IF(BK5=1,Stats!$O20,"") | BN5: =IF(BK5=1,Stats!$P20,"") | BO5: =IF(BK5=1,Stats!$Q20,"") | BP5: =IF(BK5=1,Stats!$R20,"") | BQ5: =IF(BK5=1,Stats!$S20,"") | BR5: =COUNTIF($BL$3:$BQ$55,BJ5) -> 0 | BS5: =BR5+BK5 -> 0 | BT5: =IF(BS5=0,MAX(BT$2:BT4)+1,0) -> 3 | BU5: =B5 -> Artillery (indirect) | BV5: =IFERROR(VLOOKUP($A5,$BT$3:$BU$55,$BU$2,FALSE)," ") -> Artillery (indirect) | BX5: =A5 -> 3 | BY5: =B5 -> Artillery (indirect) | BZ5: =COUNTIF(Builder!$K$10:$N$10,BY5) -> 0 | CA5: =IF(BZ5=1,Stats!$N20,"") | CB5: =IF(BZ5=1,Stats!$O20,"") | CC5: =IF(BZ5=1,Stats!$P20,"") | CD5: =IF(BZ5=1,Stats!$Q20,"") | CE5: =IF(BZ5=1,Stats!$R20,"") | CF5: =IF(BZ5=1,Stats!$S20,"") | CG5: =COUNTIF($CA$3:$CF$55,BY5) -> 0 | CH5: =CG5+BZ5 -> 0 | CI5: =IF(CH5=0,MAX(CI$2:CI4)+1,0) -> 3 | CJ5: =B5 -> Artillery (indirect) | CK5: =IFERROR(VLOOKUP($A5,$CI$3:$CJ$55,$CJ$2,FALSE)," ") -> Artillery (indirect) | CM5: =A5 -> 3 | CN5: =B5 -> Artillery (indirect) | CO5: =COUNTIF(Builder!$K$11:$N$11,CN5) -> 0 | CP5: =IF(CO5=1,Stats!$N20,"") | CQ5: =IF(CO5=1,Stats!$O20,"") | CR5: =IF(CO5=1,Stats!$P20,"") | CS5: =IF(CO5=1,Stats!$Q20,"") | CT5: =IF(CO5=1,Stats!$R20,"") | CU5: =IF(CO5=1,Stats!$S20,"") | CV5: =COUNTIF($CP$3:$CU$55,CN5) -> 0 | CW5: =CV5+CO5 -> 0 | CX5: =IF(CW5=0,MAX(CX$2:CX4)+1,0) -> 3 | CY5: =B5 -> Artillery (indirect) | CZ5: =IFERROR(VLOOKUP($A5,$CX$3:$CY$55,$CJ$2,FALSE)," ") -> Artillery (indirect) | DB5: =A5 -> 3 | DC5: =B5 -> Artillery (indirect) | DD5: =COUNTIF(Builder!$K$12:$N$12,DC5) -> 0 | DE5: =IF(DD5=1,Stats!$N20,"") | DF5: =IF(DD5=1,Stats!$O20,"") | DG5: =IF(DD5=1,Stats!$P20,"") | DH5: =IF(DD5=1,Stats!$Q20,"") | DI5: =IF(DD5=1,Stats!$R20,"") | DJ5: =IF(DD5=1,Stats!$S20,"") | DK5: =COUNTIF($DE$3:$DJ$55,DC5) -> 0 | DL5: =DK5+DD5 -> 0 | DM5: =IF(DL5=0,MAX(DM$2:DM4)+1,0) -> 3 | DN5: =B5 -> Artillery (indirect) | DO5: =IFERROR(VLOOKUP($A5,$DM$3:$DN$55,$CJ$2,FALSE)," ") -> Artillery (indirect) | DQ5: =A5 -> 3 | DR5: =B5 -> Artillery (indirect) | DS5: =COUNTIF(Builder!$K$13:$N$13,DR5) -> 0 | DT5: =IF(DS5=1,Stats!$N20,"") | DU5: =IF(DS5=1,Stats!$O20,"") | DV5: =IF(DS5=1,Stats!$P20,"") | DW5: =IF(DS5=1,Stats!$Q20,"") | DX5: =IF(DS5=1,Stats!$R20,"") | DY5: =IF(DS5=1,Stats!$S20,"") | DZ5: =COUNTIF($DT$3:$DY$55,DR5) -> 0 | EA5: =DZ5+DS5 -> 0 | EB5: =IF(EA5=0,MAX(EB$2:EB4)+1,0) -> 3 | EC5: =B5 -> Artillery (indirect) | ED5: =IFERROR(VLOOKUP($A5,$EB$3:$EC$55,$CJ$2,FALSE)," ") -> Artillery (indirect) | EF5: =A5 -> 3 | EG5: =B5 -> Artillery (indirect) | EH5: =COUNTIF(Builder!$K$14:$N$14,EG5) -> 0 | EI5: =IF(EH5=1,Stats!$N20,"") | EJ5: =IF(EH5=1,Stats!$O20,"") | EK5: =IF(EH5=1,Stats!$P20,"") | EL5: =IF(EH5=1,Stats!$Q20,"") | EM5: =IF(EH5=1,Stats!$R20,"") | EN5: =IF(EH5=1,Stats!$S20,"") | EO5: =COUNTIF($EI$3:$EN$55,EG5) -> 0 | EP5: =EO5+EH5 -> 0 | EQ5: =IF(EP5=0,MAX(EQ$2:EQ4)+1,0) -> 3 | ER5: =B5 -> Artillery (indirect) | ES5: =IFERROR(VLOOKUP($A5,$EQ$3:$ER$55,$CJ$2,FALSE)," ") -> Artillery (indirect) | EU5: =A5 -> 3 | EV5: =B5 -> Artillery (indirect) | EW5: =COUNTIF(Builder!$K$15:$N$15,EV5) -> 0 | EX5: =IF(EW5=1,Stats!$N20,"") | EY5: =IF(EW5=1,Stats!$O20,"") | EZ5: =IF(EW5=1,Stats!$P20,"") | FA5: =IF(EW5=1,Stats!$Q20,"") | FB5: =IF(EW5=1,Stats!$R20,"") | FC5: =IF(EW5=1,Stats!$S20,"") | FD5: =COUNTIF($EX$3:$FC$55,EV5) -> 0 | FE5: =FD5+EW5 -> 0 | FF5: =IF(FE5=0,MAX(FF$2:FF4)+1,0) -> 3 | FG5: =B5 -> Artillery (indirect) | FH5: =IFERROR(VLOOKUP($A5,$FF$3:$FG$55,$CJ$2,FALSE)," ") -> Artillery (indirect) | FJ5: =A5 -> 3 | FK5: =B5 -> Artillery (indirect) | FL5: =COUNTIF(Builder!$K$16:$N$16,FK5) -> 0 | FM5: =IF(FL5=1,Stats!$N20,"") | FN5: =IF(FL5=1,Stats!$O20,"") | FO5: =IF(FL5=1,Stats!$P20,"") | FP5: =IF(FL5=1,Stats!$Q20,"") | FQ5: =IF(FL5=1,Stats!$R20,"") | FR5: =IF(FL5=1,Stats!$S20,"") | FS5: =COUNTIF($FM$3:$FR$55,FK5) -> 0 | FT5: =FS5+FL5 -> 0 | FU5: =IF(FT5=0,MAX(FU$2:FU4)+1,0) -> 3 | FV5: =B5 -> Artillery (indirect) | FW5: =IFERROR(VLOOKUP($A5,$FU$3:$FV$55,$CJ$2,FALSE)," ") -> Artillery (indirect) | FY5: =A5 -> 3 | FZ5: =B5 -> Artillery (indirect) | GA5: =COUNTIF(Builder!$K$17:$N$17,FZ5) -> 0 | GB5: =IF(GA5=1,Stats!$N20,"") | GC5: =IF(GA5=1,Stats!$O20,"") | GD5: =IF(GA5=1,Stats!$P20,"") | GE5: =IF(GA5=1,Stats!$Q20,"") | GF5: =IF(GA5=1,Stats!$R20,"") | GG5: =IF(GA5=1,Stats!$S20,"") | GH5: =COUNTIF($GB$3:$GG$55,FZ5) -> 0 | GI5: =GH5+GA5 -> 0 | GJ5: =IF(GI5=0,MAX(GJ$2:GJ4)+1,0) -> 3 | GK5: =B5 -> Artillery (indirect) | GL5: =IFERROR(VLOOKUP($A5,$GJ$3:$GK$55,$CJ$2,FALSE)," ") -> Artillery (indirect) | GN5: =A5 -> 3 | GO5: =B5 -> Artillery (indirect) | GP5: =COUNTIF(Builder!$K$18:$N$18,GO5) -> 0 | GQ5: =IF(GP5=1,Stats!$N20,"") | GR5: =IF(GP5=1,Stats!$O20,"") | GS5: =IF(GP5=1,Stats!$P20,"") | GT5: =IF(GP5=1,Stats!$Q20,"") | GU5: =IF(GP5=1,Stats!$R20,"") | GV5: =IF(GP5=1,Stats!$S20,"") | GW5: =COUNTIF($GQ$3:$GV$55,GO5) -> 0 | GX5: =GW5+GP5 -> 0 | GY5: =IF(GX5=0,MAX(GY$2:GY4)+1,0) -> 3 | GZ5: =B5 -> Artillery (indirect) | HA5: =IFERROR(VLOOKUP($A5,$GY$3:$GZ$55,$CJ$2,FALSE)," ") -> Artillery (indirect) | HC5: =A5 -> 3 | HD5: =B5 -> Artillery (indirect) | HE5: =COUNTIF(Builder!$K$19:$N$19,HD5) -> 0 | HF5: =IF(HE5=1,Stats!$N20,"") | HG5: =IF(HE5=1,Stats!$O20,"") | HH5: =IF(HE5=1,Stats!$P20,"") | HI5: =IF(HE5=1,Stats!$Q20,"") | HJ5: =IF(HE5=1,Stats!$R20,"") | HK5: =IF(HE5=1,Stats!$S20,"") | HL5: =COUNTIF($HF$3:$HK$55,HD5) -> 0 | HM5: =HL5+HE5 -> 0 | HN5: =IF(HM5=0,MAX(HN$2:HN4)+1,0) -> 3 | HO5: =B5 -> Artillery (indirect) | HP5: =IFERROR(VLOOKUP($A5,$HN$3:$HO$55,$CJ$2,FALSE)," ") -> Artillery (indirect) | HR5: =A5 -> 3 | HS5: =B5 -> Artillery (indirect) | HT5: =COUNTIF(Builder!$K$20:$N$20,HS5) -> 0 | HU5: =IF(HT5=1,Stats!$N20,"") | HV5: =IF(HT5=1,Stats!$O20,"") | HW5: =IF(HT5=1,Stats!$P20,"") | HX5: =IF(HT5=1,Stats!$Q20,"") | HY5: =IF(HT5=1,Stats!$R20,"") | HZ5: =IF(HT5=1,Stats!$S20,"") | IA5: =COUNTIF($HU$3:$HZ$55,HS5) -> 0 | IB5: =IA5+HT5 -> 0 | IC5: =IF(IB5=0,MAX(IC$2:IC4)+1,0) -> 3 | ID5: =B5 -> Artillery (indirect) | IE5: =IFERROR(VLOOKUP($A5,$IC$3:$ID$55,$CJ$2,FALSE)," ") -> Artillery (indirect) | IG5: =A5 -> 3 | IH5: =B5 -> Artillery (indirect) | II5: =COUNTIF(Builder!$K$21:$N$21,IH5) -> 0 | IJ5: =IF(II5=1,Stats!$N20,"") | IK5: =IF(II5=1,Stats!$O20,"") | IL5: =IF(II5=1,Stats!$P20,"") | IM5: =IF(II5=1,Stats!$Q20,"") | IN5: =IF(II5=1,Stats!$R20,"") | IO5: =IF(II5=1,Stats!$S20,"") | IP5: =COUNTIF($IJ$3:$IO$55,IH5) -> 0 | IQ5: =IP5+II5 -> 0 | IR5: =IF(IQ5=0,MAX(IR$2:IR4)+1,0) -> 3 | IS5: =B5 -> Artillery (indirect) | IT5: =IFERROR(VLOOKUP($A5,$IR$3:$IS$55,$CJ$2,FALSE)," ") -> Artillery (indirect) | IV5: =A5 -> 3 | IW5: =B5 -> Artillery (indirect) | IX5: =COUNTIF(Builder!$K$22:$N$22,IW5) -> 0 | IY5: =IF(IX5=1,Stats!$N20,"") | IZ5: =IF(IX5=1,Stats!$O20,"") | JA5: =IF(IX5=1,Stats!$P20,"") | JB5: =IF(IX5=1,Stats!$Q20,"") | JC5: =IF(IX5=1,Stats!$R20,"") | JD5: =IF(IX5=1,Stats!$S20,"") | JE5: =COUNTIF($IY$3:$JD$55,IW5) -> 0 | JF5: =JE5+IX5 -> 0 | JG5: =IF(JF5=0,MAX(JG$2:JG4)+1,0) -> 3 | JH5: =B5 -> Artillery (indirect) | JI5: =IFERROR(VLOOKUP($A5,$JG$3:$JH$55,$CJ$2,FALSE)," ") -> Artillery (indirect) | JK5: =A5 -> 3 | JL5: =B5 -> Artillery (indirect) | JM5: =COUNTIF(Builder!$K$23:$N$23,JL5) -> 0 | JN5: =IF(JM5=1,Stats!$N20,"") | JO5: =IF(JM5=1,Stats!$O20,"") | JP5: =IF(JM5=1,Stats!$P20,"") | JQ5: =IF(JM5=1,Stats!$Q20,"") | JR5: =IF(JM5=1,Stats!$R20,"") | JS5: =IF(JM5=1,Stats!$S20,"") | JT5: =COUNTIF($JN$3:$JS$55,JL5) -> 0 | JU5: =JT5+JM5 -> 0 | JV5: =IF(JU5=0,MAX(JV$2:JV4)+1,0) -> 3 | JW5: =B5 -> Artillery (indirect) | JX5: =IFERROR(VLOOKUP($A5,$JV$3:$JW$55,$CJ$2,FALSE)," ") -> Artillery (indirect) | JZ5: =A5 -> 3 | KA5: =B5 -> Artillery (indirect) | KB5: =COUNTIF(Builder!$K$24:$N$24,KA5) -> 0 | KC5: =IF(KB5=1,Stats!$N20,"") | KD5: =IF(KB5=1,Stats!$O20,"") | KE5: =IF(KB5=1,Stats!$P20,"") | KF5: =IF(KB5=1,Stats!$Q20,"") | KG5: =IF(KB5=1,Stats!$R20,"") | KH5: =IF(KB5=1,Stats!$S20,"") | KI5: =COUNTIF($KC$3:$KH$55,KA5) -> 0 | KJ5: =KI5+KB5 -> 0 | KK5: =IF(KJ5=0,MAX(KK$2:KK4)+1,0) -> 3 | KL5: =B5 -> Artillery (indirect) | KM5: =IFERROR(VLOOKUP($A5,$KK$3:$KL$55,$CJ$2,FALSE)," ") -> Artillery (indirect) | KO5: =A5 -> 3 | KP5: =B5 -> Artillery (indirect) | KQ5: =COUNTIF(Builder!$K$25:$N$25,KP5) -> 0 | KR5: =IF(KQ5=1,Stats!$N20,"") | KS5: =IF(KQ5=1,Stats!$O20,"") | KT5: =IF(KQ5=1,Stats!$P20,"") | KU5: =IF(KQ5=1,Stats!$Q20,"") | KV5: =IF(KQ5=1,Stats!$R20,"") | KW5: =IF(KQ5=1,Stats!$S20,"") | KX5: =COUNTIF($KR$3:$KW$55,KP5) -> 0 | KY5: =KX5+KQ5 -> 0 | KZ5: =IF(KY5=0,MAX(KZ$2:KZ4)+1,0) -> 3 | LA5: =B5 -> Artillery (indirect) | LB5: =IFERROR(VLOOKUP($A5,$KZ$3:$LA$55,$CJ$2,FALSE)," ") -> Artillery (indirect) | LD5: =A5 -> 3 | LE5: =B5 -> Artillery (indirect) | LF5: =COUNTIF(Builder!$K$26:$N$26,LE5) -> 0 | LG5: =IF(LF5=1,Stats!$N20,"") | LH5: =IF(LF5=1,Stats!$O20,"") | LI5: =IF(LF5=1,Stats!$P20,"") | LJ5: =IF(LF5=1,Stats!$Q20,"") | LK5: =IF(LF5=1,Stats!$R20,"") | LL5: =IF(LF5=1,Stats!$S20,"") | LM5: =COUNTIF($LG$3:$LL$55,LE5) -> 0 | LN5: =LM5+LF5 -> 0 | LO5: =IF(LN5=0,MAX(LO$2:LO4)+1,0) -> 3 | LP5: =B5 -> Artillery (indirect) | LQ5: =IFERROR(VLOOKUP($A5,$LO$3:$LP$55,$CJ$2,FALSE)," ") -> Artillery (indirect) | LS5: =A5 -> 3 | LT5: =B5 -> Artillery (indirect) | LU5: =COUNTIF(Builder!$K$27:$N$27,LT5) -> 0 | LV5: =IF(LU5=1,Stats!$N20,"") | LW5: =IF(LU5=1,Stats!$O20,"") | LX5: =IF(LU5=1,Stats!$P20,"") | LY5: =IF(LU5=1,Stats!$Q20,"") | LZ5: =IF(LU5=1,Stats!$R20,"") | MA5: =IF(LU5=1,Stats!$S20,"") | MB5: =COUNTIF($LV$3:$MA$55,LT5) -> 0 | MC5: =MB5+LU5 -> 0 | MD5: =IF(MC5=0,MAX(MD$2:MD4)+1,0) -> 3 | ME5: =B5 -> Artillery (indirect) | MF5: =IFERROR(VLOOKUP($A5,$MD$3:$ME$55,$CJ$2,FALSE)," ") -> Artillery (indirect) | MH5: =A5 -> 3 | MI5: =B5 -> Artillery (indirect) | MJ5: =COUNTIF(Builder!$K$28:$N$28,MI5) -> 0 | MK5: =IF(MJ5=1,Stats!$N20,"") | ML5: =IF(MJ5=1,Stats!$O20,"") | MM5: =IF(MJ5=1,Stats!$P20,"") | MN5: =IF(MJ5=1,Stats!$Q20,"") | MO5: =IF(MJ5=1,Stats!$R20,"") | MP5: =IF(MJ5=1,Stats!$S20,"") | MQ5: =COUNTIF($MK$3:$MP$55,MI5) -> 0 | MR5: =MQ5+MJ5 -> 0 | MS5: =IF(MR5=0,MAX(MS$2:MS4)+1,0) -> 3 | MT5: =B5 -> Artillery (indirect) | MU5: =IFERROR(VLOOKUP($A5,$MS$3:$MT$55,$CJ$2,FALSE)," ") -> Artillery (indirect) | MW5: =A5 -> 3 | MX5: =B5 -> Artillery (indirect) | MY5: =COUNTIF(Builder!$K$29:$N$29,MX5) -> 0 | MZ5: =IF(MY5=1,Stats!$N20,"") | NA5: =IF(MY5=1,Stats!$O20,"") | NB5: =IF(MY5=1,Stats!$P20,"") | NC5: =IF(MY5=1,Stats!$Q20,"") | ND5: =IF(MY5=1,Stats!$R20,"") | NE5: =IF(MY5=1,Stats!$S20,"") | NF5: =COUNTIF($MZ$3:$NE$55,MX5) -> 0 | NG5: =NF5+MY5 -> 0 | NH5: =IF(NG5=0,MAX(NH$2:NH4)+1,0) -> 3 | NI5: =B5 -> Artillery (indirect) | NJ5: =IFERROR(VLOOKUP($A5,$NH$3:$NI$55,$CJ$2,FALSE)," ") -> Artillery (indirect)
A6: 4 | B6: Barrage | C6: =COUNTIF(Builder!$K$5:$N$5,B6) -> 0 | D6: =IF(C6=1,Stats!$N21,"") | E6: =IF(C6=1,Stats!$O21,"") | F6: =IF(C6=1,Stats!$P21,"") | G6: =IF(C6=1,Stats!$Q21,"") | H6: =IF(C6=1,Stats!$R21,"") | I6: =IF(C6=1,Stats!$S21,"") | J6: =COUNTIF($D$3:$I$55,B6) -> 0 | K6: =J6+C6 -> 0 | L6: =IF(K6=0,MAX($L$2:L5)+1,0) -> 4 | M6: =B6 -> Barrage | N6: =IFERROR(VLOOKUP($A6,$L$3:$M$55,$M$2,FALSE)," ") -> Barrage | P6: =A6 -> 4 | Q6: =B6 -> Barrage | R6: =COUNTIF(Builder!$K$6:$N$6,Q6) -> 0 | S6: =IF(R6=1,Stats!$N21,"") | T6: =IF(R6=1,Stats!$O21,"") | U6: =IF(R6=1,Stats!$P21,"") | V6: =IF(R6=1,Stats!$Q21,"") | W6: =IF(R6=1,Stats!$R21,"") | X6: =IF(R6=1,Stats!$S21,"") | Y6: =COUNTIF($S$3:$X$55,Q6) -> 0 | Z6: =Y6+R6 -> 0 | AA6: =IF(Z6=0,MAX($AA$2:AA5)+1,0) -> 4 | AB6: =B6 -> Barrage | AC6: =IFERROR(VLOOKUP($A6,$AA$3:$AB$55,$AB$2,FALSE)," ") -> Barrage | AE6: =A6 -> 4 | AF6: =B6 -> Barrage | AG6: =COUNTIF(Builder!$K$7:$N$7,AF6) -> 0 | AH6: =IF(AG6=1,Stats!$N21,"") | AI6: =IF(AG6=1,Stats!$O21,"") | AJ6: =IF(AG6=1,Stats!$P21,"") | AK6: =IF(AG6=1,Stats!$Q21,"") | AL6: =IF(AG6=1,Stats!$R21,"") | AM6: =IF(AG6=1,Stats!$S21,"") | AN6: =COUNTIF($AH$3:$AM$55,AF6) -> 0 | AO6: =AN6+AG6 -> 0 | AP6: =IF(AO6=0,MAX($AP$2:AP5)+1,0) -> 4 | AQ6: =B6 -> Barrage | AR6: =IFERROR(VLOOKUP($A6,$AP$3:$AQ$55,$AQ$2,FALSE)," ") -> Barrage | AT6: =A6 -> 4 | AU6: =B6 -> Barrage | AV6: =COUNTIF(Builder!$K$8:$N$8,AU6) -> 0 | AW6: =IF(AV6=1,Stats!$N21,"") | AX6: =IF(AV6=1,Stats!$O21,"") | AY6: =IF(AV6=1,Stats!$P21,"") | AZ6: =IF(AV6=1,Stats!$Q21,"") | BA6: =IF(AV6=1,Stats!$R21,"") | BB6: =IF(AV6=1,Stats!$S21,"") | BC6: =COUNTIF($AV$3:$BB$55,AU6) -> 0 | BD6: =BC6+AV6 -> 0 | BE6: =IF(BD6=0,MAX($BE$2:BE5)+1,0) -> 4 | BF6: =B6 -> Barrage | BG6: =IFERROR(VLOOKUP($A6,$BE$3:$BF$55,$BF$2,FALSE)," ") -> Barrage | BI6: =A6 -> 4 | BJ6: =B6 -> Barrage | BK6: =COUNTIF(Builder!$K$9:$N$9,BJ6) -> 0 | BL6: =IF(BK6=1,Stats!$N21,"") | BM6: =IF(BK6=1,Stats!$O21,"") | BN6: =IF(BK6=1,Stats!$P21,"") | BO6: =IF(BK6=1,Stats!$Q21,"") | BP6: =IF(BK6=1,Stats!$R21,"") | BQ6: =IF(BK6=1,Stats!$S21,"") | BR6: =COUNTIF($BL$3:$BQ$55,BJ6) -> 0 | BS6: =BR6+BK6 -> 0 | BT6: =IF(BS6=0,MAX(BT$2:BT5)+1,0) -> 4 | BU6: =B6 -> Barrage | BV6: =IFERROR(VLOOKUP($A6,$BT$3:$BU$55,$BU$2,FALSE)," ") -> Barrage | BX6: =A6 -> 4 | BY6: =B6 -> Barrage | BZ6: =COUNTIF(Builder!$K$10:$N$10,BY6) -> 0 | CA6: =IF(BZ6=1,Stats!$N21,"") | CB6: =IF(BZ6=1,Stats!$O21,"") | CC6: =IF(BZ6=1,Stats!$P21,"") | CD6: =IF(BZ6=1,Stats!$Q21,"") | CE6: =IF(BZ6=1,Stats!$R21,"") | CF6: =IF(BZ6=1,Stats!$S21,"") | CG6: =COUNTIF($CA$3:$CF$55,BY6) -> 0 | CH6: =CG6+BZ6 -> 0 | CI6: =IF(CH6=0,MAX(CI$2:CI5)+1,0) -> 4 | CJ6: =B6 -> Barrage | CK6: =IFERROR(VLOOKUP($A6,$CI$3:$CJ$55,$CJ$2,FALSE)," ") -> Barrage | CM6: =A6 -> 4 | CN6: =B6 -> Barrage | CO6: =COUNTIF(Builder!$K$11:$N$11,CN6) -> 0 | CP6: =IF(CO6=1,Stats!$N21,"") | CQ6: =IF(CO6=1,Stats!$O21,"") | CR6: =IF(CO6=1,Stats!$P21,"") | CS6: =IF(CO6=1,Stats!$Q21,"") | CT6: =IF(CO6=1,Stats!$R21,"") | CU6: =IF(CO6=1,Stats!$S21,"") | CV6: =COUNTIF($CP$3:$CU$55,CN6) -> 0 | CW6: =CV6+CO6 -> 0 | CX6: =IF(CW6=0,MAX(CX$2:CX5)+1,0) -> 4 | CY6: =B6 -> Barrage | CZ6: =IFERROR(VLOOKUP($A6,$CX$3:$CY$55,$CJ$2,FALSE)," ") -> Barrage | DB6: =A6 -> 4 | DC6: =B6 -> Barrage | DD6: =COUNTIF(Builder!$K$12:$N$12,DC6) -> 0 | DE6: =IF(DD6=1,Stats!$N21,"") | DF6: =IF(DD6=1,Stats!$O21,"") | DG6: =IF(DD6=1,Stats!$P21,"") | DH6: =IF(DD6=1,Stats!$Q21,"") | DI6: =IF(DD6=1,Stats!$R21,"") | DJ6: =IF(DD6=1,Stats!$S21,"") | DK6: =COUNTIF($DE$3:$DJ$55,DC6) -> 0 | DL6: =DK6+DD6 -> 0 | DM6: =IF(DL6=0,MAX(DM$2:DM5)+1,0) -> 4 | DN6: =B6 -> Barrage | DO6: =IFERROR(VLOOKUP($A6,$DM$3:$DN$55,$CJ$2,FALSE)," ") -> Barrage | DQ6: =A6 -> 4 | DR6: =B6 -> Barrage | DS6: =COUNTIF(Builder!$K$13:$N$13,DR6) -> 0 | DT6: =IF(DS6=1,Stats!$N21,"") | DU6: =IF(DS6=1,Stats!$O21,"") | DV6: =IF(DS6=1,Stats!$P21,"") | DW6: =IF(DS6=1,Stats!$Q21,"") | DX6: =IF(DS6=1,Stats!$R21,"") | DY6: =IF(DS6=1,Stats!$S21,"") | DZ6: =COUNTIF($DT$3:$DY$55,DR6) -> 0 | EA6: =DZ6+DS6 -> 0 | EB6: =IF(EA6=0,MAX(EB$2:EB5)+1,0) -> 4 | EC6: =B6 -> Barrage | ED6: =IFERROR(VLOOKUP($A6,$EB$3:$EC$55,$CJ$2,FALSE)," ") -> Barrage | EF6: =A6 -> 4 | EG6: =B6 -> Barrage | EH6: =COUNTIF(Builder!$K$14:$N$14,EG6) -> 0 | EI6: =IF(EH6=1,Stats!$N21,"") | EJ6: =IF(EH6=1,Stats!$O21,"") | EK6: =IF(EH6=1,Stats!$P21,"") | EL6: =IF(EH6=1,Stats!$Q21,"") | EM6: =IF(EH6=1,Stats!$R21,"") | EN6: =IF(EH6=1,Stats!$S21,"") | EO6: =COUNTIF($EI$3:$EN$55,EG6) -> 0 | EP6: =EO6+EH6 -> 0 | EQ6: =IF(EP6=0,MAX(EQ$2:EQ5)+1,0) -> 4 | ER6: =B6 -> Barrage | ES6: =IFERROR(VLOOKUP($A6,$EQ$3:$ER$55,$CJ$2,FALSE)," ") -> Barrage | EU6: =A6 -> 4 | EV6: =B6 -> Barrage | EW6: =COUNTIF(Builder!$K$15:$N$15,EV6) -> 0 | EX6: =IF(EW6=1,Stats!$N21,"") | EY6: =IF(EW6=1,Stats!$O21,"") | EZ6: =IF(EW6=1,Stats!$P21,"") | FA6: =IF(EW6=1,Stats!$Q21,"") | FB6: =IF(EW6=1,Stats!$R21,"") | FC6: =IF(EW6=1,Stats!$S21,"") | FD6: =COUNTIF($EX$3:$FC$55,EV6) -> 0 | FE6: =FD6+EW6 -> 0 | FF6: =IF(FE6=0,MAX(FF$2:FF5)+1,0) -> 4 | FG6: =B6 -> Barrage | FH6: =IFERROR(VLOOKUP($A6,$FF$3:$FG$55,$CJ$2,FALSE)," ") -> Barrage | FJ6: =A6 -> 4 | FK6: =B6 -> Barrage | FL6: =COUNTIF(Builder!$K$16:$N$16,FK6) -> 0 | FM6: =IF(FL6=1,Stats!$N21,"") | FN6: =IF(FL6=1,Stats!$O21,"") | FO6: =IF(FL6=1,Stats!$P21,"") | FP6: =IF(FL6=1,Stats!$Q21,"") | FQ6: =IF(FL6=1,Stats!$R21,"") | FR6: =IF(FL6=1,Stats!$S21,"") | FS6: =COUNTIF($FM$3:$FR$55,FK6) -> 0 | FT6: =FS6+FL6 -> 0 | FU6: =IF(FT6=0,MAX(FU$2:FU5)+1,0) -> 4 | FV6: =B6 -> Barrage | FW6: =IFERROR(VLOOKUP($A6,$FU$3:$FV$55,$CJ$2,FALSE)," ") -> Barrage | FY6: =A6 -> 4 | FZ6: =B6 -> Barrage | GA6: =COUNTIF(Builder!$K$17:$N$17,FZ6) -> 0 | GB6: =IF(GA6=1,Stats!$N21,"") | GC6: =IF(GA6=1,Stats!$O21,"") | GD6: =IF(GA6=1,Stats!$P21,"") | GE6: =IF(GA6=1,Stats!$Q21,"") | GF6: =IF(GA6=1,Stats!$R21,"") | GG6: =IF(GA6=1,Stats!$S21,"") | GH6: =COUNTIF($GB$3:$GG$55,FZ6) -> 0 | GI6: =GH6+GA6 -> 0 | GJ6: =IF(GI6=0,MAX(GJ$2:GJ5)+1,0) -> 4 | GK6: =B6 -> Barrage | GL6: =IFERROR(VLOOKUP($A6,$GJ$3:$GK$55,$CJ$2,FALSE)," ") -> Barrage | GN6: =A6 -> 4 | GO6: =B6 -> Barrage | GP6: =COUNTIF(Builder!$K$18:$N$18,GO6) -> 0 | GQ6: =IF(GP6=1,Stats!$N21,"") | GR6: =IF(GP6=1,Stats!$O21,"") | GS6: =IF(GP6=1,Stats!$P21,"") | GT6: =IF(GP6=1,Stats!$Q21,"") | GU6: =IF(GP6=1,Stats!$R21,"") | GV6: =IF(GP6=1,Stats!$S21,"") | GW6: =COUNTIF($GQ$3:$GV$55,GO6) -> 0 | GX6: =GW6+GP6 -> 0 | GY6: =IF(GX6=0,MAX(GY$2:GY5)+1,0) -> 4 | GZ6: =B6 -> Barrage | HA6: =IFERROR(VLOOKUP($A6,$GY$3:$GZ$55,$CJ$2,FALSE)," ") -> Barrage | HC6: =A6 -> 4 | HD6: =B6 -> Barrage | HE6: =COUNTIF(Builder!$K$19:$N$19,HD6) -> 0 | HF6: =IF(HE6=1,Stats!$N21,"") | HG6: =IF(HE6=1,Stats!$O21,"") | HH6: =IF(HE6=1,Stats!$P21,"") | HI6: =IF(HE6=1,Stats!$Q21,"") | HJ6: =IF(HE6=1,Stats!$R21,"") | HK6: =IF(HE6=1,Stats!$S21,"") | HL6: =COUNTIF($HF$3:$HK$55,HD6) -> 0 | HM6: =HL6+HE6 -> 0 | HN6: =IF(HM6=0,MAX(HN$2:HN5)+1,0) -> 4 | HO6: =B6 -> Barrage | HP6: =IFERROR(VLOOKUP($A6,$HN$3:$HO$55,$CJ$2,FALSE)," ") -> Barrage | HR6: =A6 -> 4 | HS6: =B6 -> Barrage | HT6: =COUNTIF(Builder!$K$20:$N$20,HS6) -> 0 | HU6: =IF(HT6=1,Stats!$N21,"") | HV6: =IF(HT6=1,Stats!$O21,"") | HW6: =IF(HT6=1,Stats!$P21,"") | HX6: =IF(HT6=1,Stats!$Q21,"") | HY6: =IF(HT6=1,Stats!$R21,"") | HZ6: =IF(HT6=1,Stats!$S21,"") | IA6: =COUNTIF($HU$3:$HZ$55,HS6) -> 0 | IB6: =IA6+HT6 -> 0 | IC6: =IF(IB6=0,MAX(IC$2:IC5)+1,0) -> 4 | ID6: =B6 -> Barrage | IE6: =IFERROR(VLOOKUP($A6,$IC$3:$ID$55,$CJ$2,FALSE)," ") -> Barrage | IG6: =A6 -> 4 | IH6: =B6 -> Barrage | II6: =COUNTIF(Builder!$K$21:$N$21,IH6) -> 0 | IJ6: =IF(II6=1,Stats!$N21,"") | IK6: =IF(II6=1,Stats!$O21,"") | IL6: =IF(II6=1,Stats!$P21,"") | IM6: =IF(II6=1,Stats!$Q21,"") | IN6: =IF(II6=1,Stats!$R21,"") | IO6: =IF(II6=1,Stats!$S21,"") | IP6: =COUNTIF($IJ$3:$IO$55,IH6) -> 0 | IQ6: =IP6+II6 -> 0 | IR6: =IF(IQ6=0,MAX(IR$2:IR5)+1,0) -> 4 | IS6: =B6 -> Barrage | IT6: =IFERROR(VLOOKUP($A6,$IR$3:$IS$55,$CJ$2,FALSE)," ") -> Barrage | IV6: =A6 -> 4 | IW6: =B6 -> Barrage | IX6: =COUNTIF(Builder!$K$22:$N$22,IW6) -> 0 | IY6: =IF(IX6=1,Stats!$N21,"") | IZ6: =IF(IX6=1,Stats!$O21,"") | JA6: =IF(IX6=1,Stats!$P21,"") | JB6: =IF(IX6=1,Stats!$Q21,"") | JC6: =IF(IX6=1,Stats!$R21,"") | JD6: =IF(IX6=1,Stats!$S21,"") | JE6: =COUNTIF($IY$3:$JD$55,IW6) -> 0 | JF6: =JE6+IX6 -> 0 | JG6: =IF(JF6=0,MAX(JG$2:JG5)+1,0) -> 4 | JH6: =B6 -> Barrage | JI6: =IFERROR(VLOOKUP($A6,$JG$3:$JH$55,$CJ$2,FALSE)," ") -> Barrage | JK6: =A6 -> 4 | JL6: =B6 -> Barrage | JM6: =COUNTIF(Builder!$K$23:$N$23,JL6) -> 0 | JN6: =IF(JM6=1,Stats!$N21,"") | JO6: =IF(JM6=1,Stats!$O21,"") | JP6: =IF(JM6=1,Stats!$P21,"") | JQ6: =IF(JM6=1,Stats!$Q21,"") | JR6: =IF(JM6=1,Stats!$R21,"") | JS6: =IF(JM6=1,Stats!$S21,"") | JT6: =COUNTIF($JN$3:$JS$55,JL6) -> 0 | JU6: =JT6+JM6 -> 0 | JV6: =IF(JU6=0,MAX(JV$2:JV5)+1,0) -> 4 | JW6: =B6 -> Barrage | JX6: =IFERROR(VLOOKUP($A6,$JV$3:$JW$55,$CJ$2,FALSE)," ") -> Barrage | JZ6: =A6 -> 4 | KA6: =B6 -> Barrage | KB6: =COUNTIF(Builder!$K$24:$N$24,KA6) -> 0 | KC6: =IF(KB6=1,Stats!$N21,"") | KD6: =IF(KB6=1,Stats!$O21,"") | KE6: =IF(KB6=1,Stats!$P21,"") | KF6: =IF(KB6=1,Stats!$Q21,"") | KG6: =IF(KB6=1,Stats!$R21,"") | KH6: =IF(KB6=1,Stats!$S21,"") | KI6: =COUNTIF($KC$3:$KH$55,KA6) -> 0 | KJ6: =KI6+KB6 -> 0 | KK6: =IF(KJ6=0,MAX(KK$2:KK5)+1,0) -> 4 | KL6: =B6 -> Barrage | KM6: =IFERROR(VLOOKUP($A6,$KK$3:$KL$55,$CJ$2,FALSE)," ") -> Barrage | KO6: =A6 -> 4 | KP6: =B6 -> Barrage | KQ6: =COUNTIF(Builder!$K$25:$N$25,KP6) -> 0 | KR6: =IF(KQ6=1,Stats!$N21,"") | KS6: =IF(KQ6=1,Stats!$O21,"") | KT6: =IF(KQ6=1,Stats!$P21,"") | KU6: =IF(KQ6=1,Stats!$Q21,"") | KV6: =IF(KQ6=1,Stats!$R21,"") | KW6: =IF(KQ6=1,Stats!$S21,"") | KX6: =COUNTIF($KR$3:$KW$55,KP6) -> 0 | KY6: =KX6+KQ6 -> 0 | KZ6: =IF(KY6=0,MAX(KZ$2:KZ5)+1,0) -> 4 | LA6: =B6 -> Barrage | LB6: =IFERROR(VLOOKUP($A6,$KZ$3:$LA$55,$CJ$2,FALSE)," ") -> Barrage | LD6: =A6 -> 4 | LE6: =B6 -> Barrage | LF6: =COUNTIF(Builder!$K$26:$N$26,LE6) -> 0 | LG6: =IF(LF6=1,Stats!$N21,"") | LH6: =IF(LF6=1,Stats!$O21,"") | LI6: =IF(LF6=1,Stats!$P21,"") | LJ6: =IF(LF6=1,Stats!$Q21,"") | LK6: =IF(LF6=1,Stats!$R21,"") | LL6: =IF(LF6=1,Stats!$S21,"") | LM6: =COUNTIF($LG$3:$LL$55,LE6) -> 0 | LN6: =LM6+LF6 -> 0 | LO6: =IF(LN6=0,MAX(LO$2:LO5)+1,0) -> 4 | LP6: =B6 -> Barrage | LQ6: =IFERROR(VLOOKUP($A6,$LO$3:$LP$55,$CJ$2,FALSE)," ") -> Barrage | LS6: =A6 -> 4 | LT6: =B6 -> Barrage | LU6: =COUNTIF(Builder!$K$27:$N$27,LT6) -> 0 | LV6: =IF(LU6=1,Stats!$N21,"") | LW6: =IF(LU6=1,Stats!$O21,"") | LX6: =IF(LU6=1,Stats!$P21,"") | LY6: =IF(LU6=1,Stats!$Q21,"") | LZ6: =IF(LU6=1,Stats!$R21,"") | MA6: =IF(LU6=1,Stats!$S21,"") | MB6: =COUNTIF($LV$3:$MA$55,LT6) -> 0 | MC6: =MB6+LU6 -> 0 | MD6: =IF(MC6=0,MAX(MD$2:MD5)+1,0) -> 4 | ME6: =B6 -> Barrage | MF6: =IFERROR(VLOOKUP($A6,$MD$3:$ME$55,$CJ$2,FALSE)," ") -> Barrage | MH6: =A6 -> 4 | MI6: =B6 -> Barrage | MJ6: =COUNTIF(Builder!$K$28:$N$28,MI6) -> 0 | MK6: =IF(MJ6=1,Stats!$N21,"") | ML6: =IF(MJ6=1,Stats!$O21,"") | MM6: =IF(MJ6=1,Stats!$P21,"") | MN6: =IF(MJ6=1,Stats!$Q21,"") | MO6: =IF(MJ6=1,Stats!$R21,"") | MP6: =IF(MJ6=1,Stats!$S21,"") | MQ6: =COUNTIF($MK$3:$MP$55,MI6) -> 0 | MR6: =MQ6+MJ6 -> 0 | MS6: =IF(MR6=0,MAX(MS$2:MS5)+1,0) -> 4 | MT6: =B6 -> Barrage | MU6: =IFERROR(VLOOKUP($A6,$MS$3:$MT$55,$CJ$2,FALSE)," ") -> Barrage | MW6: =A6 -> 4 | MX6: =B6 -> Barrage | MY6: =COUNTIF(Builder!$K$29:$N$29,MX6) -> 0 | MZ6: =IF(MY6=1,Stats!$N21,"") | NA6: =IF(MY6=1,Stats!$O21,"") | NB6: =IF(MY6=1,Stats!$P21,"") | NC6: =IF(MY6=1,Stats!$Q21,"") | ND6: =IF(MY6=1,Stats!$R21,"") | NE6: =IF(MY6=1,Stats!$S21,"") | NF6: =COUNTIF($MZ$3:$NE$55,MX6) -> 0 | NG6: =NF6+MY6 -> 0 | NH6: =IF(NG6=0,MAX(NH$2:NH5)+1,0) -> 4 | NI6: =B6 -> Barrage | NJ6: =IFERROR(VLOOKUP($A6,$NH$3:$NI$55,$CJ$2,FALSE)," ") -> Barrage
A7: 5 | B7: Belligerent | C7: =COUNTIF(Builder!$K$5:$N$5,B7) -> 0 | D7: =IF(C7=1,Stats!$N22,"") | E7: =IF(C7=1,Stats!$O22,"") | F7: =IF(C7=1,Stats!$P22,"") | G7: =IF(C7=1,Stats!$Q22,"") | H7: =IF(C7=1,Stats!$R22,"") | I7: =IF(C7=1,Stats!$S22,"") | J7: =COUNTIF($D$3:$I$55,B7) -> 0 | K7: =J7+C7 -> 0 | L7: =IF(K7=0,MAX($L$2:L6)+1,0) -> 5 | M7: =B7 -> Belligerent | N7: =IFERROR(VLOOKUP($A7,$L$3:$M$55,$M$2,FALSE)," ") -> Belligerent | P7: =A7 -> 5 | Q7: =B7 -> Belligerent | R7: =COUNTIF(Builder!$K$6:$N$6,Q7) -> 0 | S7: =IF(R7=1,Stats!$N22,"") | T7: =IF(R7=1,Stats!$O22,"") | U7: =IF(R7=1,Stats!$P22,"") | V7: =IF(R7=1,Stats!$Q22,"") | W7: =IF(R7=1,Stats!$R22,"") | X7: =IF(R7=1,Stats!$S22,"") | Y7: =COUNTIF($S$3:$X$55,Q7) -> 0 | Z7: =Y7+R7 -> 0 | AA7: =IF(Z7=0,MAX($AA$2:AA6)+1,0) -> 5 | AB7: =B7 -> Belligerent | AC7: =IFERROR(VLOOKUP($A7,$AA$3:$AB$55,$AB$2,FALSE)," ") -> Belligerent | AE7: =A7 -> 5 | AF7: =B7 -> Belligerent | AG7: =COUNTIF(Builder!$K$7:$N$7,AF7) -> 0 | AH7: =IF(AG7=1,Stats!$N22,"") | AI7: =IF(AG7=1,Stats!$O22,"") | AJ7: =IF(AG7=1,Stats!$P22,"") | AK7: =IF(AG7=1,Stats!$Q22,"") | AL7: =IF(AG7=1,Stats!$R22,"") | AM7: =IF(AG7=1,Stats!$S22,"") | AN7: =COUNTIF($AH$3:$AM$55,AF7) -> 0 | AO7: =AN7+AG7 -> 0 | AP7: =IF(AO7=0,MAX($AP$2:AP6)+1,0) -> 5 | AQ7: =B7 -> Belligerent | AR7: =IFERROR(VLOOKUP($A7,$AP$3:$AQ$55,$AQ$2,FALSE)," ") -> Belligerent | AT7: =A7 -> 5 | AU7: =B7 -> Belligerent | AV7: =COUNTIF(Builder!$K$8:$N$8,AU7) -> 0 | AW7: =IF(AV7=1,Stats!$N22,"") | AX7: =IF(AV7=1,Stats!$O22,"") | AY7: =IF(AV7=1,Stats!$P22,"") | AZ7: =IF(AV7=1,Stats!$Q22,"") | BA7: =IF(AV7=1,Stats!$R22,"") | BB7: =IF(AV7=1,Stats!$S22,"") | BC7: =COUNTIF($AV$3:$BB$55,AU7) -> 0 | BD7: =BC7+AV7 -> 0 | BE7: =IF(BD7=0,MAX($BE$2:BE6)+1,0) -> 5 | BF7: =B7 -> Belligerent | BG7: =IFERROR(VLOOKUP($A7,$BE$3:$BF$55,$BF$2,FALSE)," ") -> Belligerent | BI7: =A7 -> 5 | BJ7: =B7 -> Belligerent | BK7: =COUNTIF(Builder!$K$9:$N$9,BJ7) -> 0 | BL7: =IF(BK7=1,Stats!$N22,"") | BM7: =IF(BK7=1,Stats!$O22,"") | BN7: =IF(BK7=1,Stats!$P22,"") | BO7: =IF(BK7=1,Stats!$Q22,"") | BP7: =IF(BK7=1,Stats!$R22,"") | BQ7: =IF(BK7=1,Stats!$S22,"") | BR7: =COUNTIF($BL$3:$BQ$55,BJ7) -> 0 | BS7: =BR7+BK7 -> 0 | BT7: =IF(BS7=0,MAX(BT$2:BT6)+1,0) -> 5 | BU7: =B7 -> Belligerent | BV7: =IFERROR(VLOOKUP($A7,$BT$3:$BU$55,$BU$2,FALSE)," ") -> Belligerent | BX7: =A7 -> 5 | BY7: =B7 -> Belligerent | BZ7: =COUNTIF(Builder!$K$10:$N$10,BY7) -> 0 | CA7: =IF(BZ7=1,Stats!$N22,"") | CB7: =IF(BZ7=1,Stats!$O22,"") | CC7: =IF(BZ7=1,Stats!$P22,"") | CD7: =IF(BZ7=1,Stats!$Q22,"") | CE7: =IF(BZ7=1,Stats!$R22,"") | CF7: =IF(BZ7=1,Stats!$S22,"") | CG7: =COUNTIF($CA$3:$CF$55,BY7) -> 0 | CH7: =CG7+BZ7 -> 0 | CI7: =IF(CH7=0,MAX(CI$2:CI6)+1,0) -> 5 | CJ7: =B7 -> Belligerent | CK7: =IFERROR(VLOOKUP($A7,$CI$3:$CJ$55,$CJ$2,FALSE)," ") -> Belligerent | CM7: =A7 -> 5 | CN7: =B7 -> Belligerent | CO7: =COUNTIF(Builder!$K$11:$N$11,CN7) -> 0 | CP7: =IF(CO7=1,Stats!$N22,"") | CQ7: =IF(CO7=1,Stats!$O22,"") | CR7: =IF(CO7=1,Stats!$P22,"") | CS7: =IF(CO7=1,Stats!$Q22,"") | CT7: =IF(CO7=1,Stats!$R22,"") | CU7: =IF(CO7=1,Stats!$S22,"") | CV7: =COUNTIF($CP$3:$CU$55,CN7) -> 0 | CW7: =CV7+CO7 -> 0 | CX7: =IF(CW7=0,MAX(CX$2:CX6)+1,0) -> 5 | CY7: =B7 -> Belligerent | CZ7: =IFERROR(VLOOKUP($A7,$CX$3:$CY$55,$CJ$2,FALSE)," ") -> Belligerent | DB7: =A7 -> 5 | DC7: =B7 -> Belligerent | DD7: =COUNTIF(Builder!$K$12:$N$12,DC7) -> 0 | DE7: =IF(DD7=1,Stats!$N22,"") | DF7: =IF(DD7=1,Stats!$O22,"") | DG7: =IF(DD7=1,Stats!$P22,"") | DH7: =IF(DD7=1,Stats!$Q22,"") | DI7: =IF(DD7=1,Stats!$R22,"") | DJ7: =IF(DD7=1,Stats!$S22,"") | DK7: =COUNTIF($DE$3:$DJ$55,DC7) -> 0 | DL7: =DK7+DD7 -> 0 | DM7: =IF(DL7=0,MAX(DM$2:DM6)+1,0) -> 5 | DN7: =B7 -> Belligerent | DO7: =IFERROR(VLOOKUP($A7,$DM$3:$DN$55,$CJ$2,FALSE)," ") -> Belligerent | DQ7: =A7 -> 5 | DR7: =B7 -> Belligerent | DS7: =COUNTIF(Builder!$K$13:$N$13,DR7) -> 0 | DT7: =IF(DS7=1,Stats!$N22,"") | DU7: =IF(DS7=1,Stats!$O22,"") | DV7: =IF(DS7=1,Stats!$P22,"") | DW7: =IF(DS7=1,Stats!$Q22,"") | DX7: =IF(DS7=1,Stats!$R22,"") | DY7: =IF(DS7=1,Stats!$S22,"") | DZ7: =COUNTIF($DT$3:$DY$55,DR7) -> 0 | EA7: =DZ7+DS7 -> 0 | EB7: =IF(EA7=0,MAX(EB$2:EB6)+1,0) -> 5 | EC7: =B7 -> Belligerent | ED7: =IFERROR(VLOOKUP($A7,$EB$3:$EC$55,$CJ$2,FALSE)," ") -> Belligerent | EF7: =A7 -> 5 | EG7: =B7 -> Belligerent | EH7: =COUNTIF(Builder!$K$14:$N$14,EG7) -> 0 | EI7: =IF(EH7=1,Stats!$N22,"") | EJ7: =IF(EH7=1,Stats!$O22,"") | EK7: =IF(EH7=1,Stats!$P22,"") | EL7: =IF(EH7=1,Stats!$Q22,"") | EM7: =IF(EH7=1,Stats!$R22,"") | EN7: =IF(EH7=1,Stats!$S22,"") | EO7: =COUNTIF($EI$3:$EN$55,EG7) -> 0 | EP7: =EO7+EH7 -> 0 | EQ7: =IF(EP7=0,MAX(EQ$2:EQ6)+1,0) -> 5 | ER7: =B7 -> Belligerent | ES7: =IFERROR(VLOOKUP($A7,$EQ$3:$ER$55,$CJ$2,FALSE)," ") -> Belligerent | EU7: =A7 -> 5 | EV7: =B7 -> Belligerent | EW7: =COUNTIF(Builder!$K$15:$N$15,EV7) -> 0 | EX7: =IF(EW7=1,Stats!$N22,"") | EY7: =IF(EW7=1,Stats!$O22,"") | EZ7: =IF(EW7=1,Stats!$P22,"") | FA7: =IF(EW7=1,Stats!$Q22,"") | FB7: =IF(EW7=1,Stats!$R22,"") | FC7: =IF(EW7=1,Stats!$S22,"") | FD7: =COUNTIF($EX$3:$FC$55,EV7) -> 0 | FE7: =FD7+EW7 -> 0 | FF7: =IF(FE7=0,MAX(FF$2:FF6)+1,0) -> 5 | FG7: =B7 -> Belligerent | FH7: =IFERROR(VLOOKUP($A7,$FF$3:$FG$55,$CJ$2,FALSE)," ") -> Belligerent | FJ7: =A7 -> 5 | FK7: =B7 -> Belligerent | FL7: =COUNTIF(Builder!$K$16:$N$16,FK7) -> 0 | FM7: =IF(FL7=1,Stats!$N22,"") | FN7: =IF(FL7=1,Stats!$O22,"") | FO7: =IF(FL7=1,Stats!$P22,"") | FP7: =IF(FL7=1,Stats!$Q22,"") | FQ7: =IF(FL7=1,Stats!$R22,"") | FR7: =IF(FL7=1,Stats!$S22,"") | FS7: =COUNTIF($FM$3:$FR$55,FK7) -> 0 | FT7: =FS7+FL7 -> 0 | FU7: =IF(FT7=0,MAX(FU$2:FU6)+1,0) -> 5 | FV7: =B7 -> Belligerent | FW7: =IFERROR(VLOOKUP($A7,$FU$3:$FV$55,$CJ$2,FALSE)," ") -> Belligerent | FY7: =A7 -> 5 | FZ7: =B7 -> Belligerent | GA7: =COUNTIF(Builder!$K$17:$N$17,FZ7) -> 0 | GB7: =IF(GA7=1,Stats!$N22,"") | GC7: =IF(GA7=1,Stats!$O22,"") | GD7: =IF(GA7=1,Stats!$P22,"") | GE7: =IF(GA7=1,Stats!$Q22,"") | GF7: =IF(GA7=1,Stats!$R22,"") | GG7: =IF(GA7=1,Stats!$S22,"") | GH7: =COUNTIF($GB$3:$GG$55,FZ7) -> 0 | GI7: =GH7+GA7 -> 0 | GJ7: =IF(GI7=0,MAX(GJ$2:GJ6)+1,0) -> 5 | GK7: =B7 -> Belligerent | GL7: =IFERROR(VLOOKUP($A7,$GJ$3:$GK$55,$CJ$2,FALSE)," ") -> Belligerent | GN7: =A7 -> 5 | GO7: =B7 -> Belligerent | GP7: =COUNTIF(Builder!$K$18:$N$18,GO7) -> 0 | GQ7: =IF(GP7=1,Stats!$N22,"") | GR7: =IF(GP7=1,Stats!$O22,"") | GS7: =IF(GP7=1,Stats!$P22,"") | GT7: =IF(GP7=1,Stats!$Q22,"") | GU7: =IF(GP7=1,Stats!$R22,"") | GV7: =IF(GP7=1,Stats!$S22,"") | GW7: =COUNTIF($GQ$3:$GV$55,GO7) -> 0 | GX7: =GW7+GP7 -> 0 | GY7: =IF(GX7=0,MAX(GY$2:GY6)+1,0) -> 5 | GZ7: =B7 -> Belligerent | HA7: =IFERROR(VLOOKUP($A7,$GY$3:$GZ$55,$CJ$2,FALSE)," ") -> Belligerent | HC7: =A7 -> 5 | HD7: =B7 -> Belligerent | HE7: =COUNTIF(Builder!$K$19:$N$19,HD7) -> 0 | HF7: =IF(HE7=1,Stats!$N22,"") | HG7: =IF(HE7=1,Stats!$O22,"") | HH7: =IF(HE7=1,Stats!$P22,"") | HI7: =IF(HE7=1,Stats!$Q22,"") | HJ7: =IF(HE7=1,Stats!$R22,"") | HK7: =IF(HE7=1,Stats!$S22,"") | HL7: =COUNTIF($HF$3:$HK$55,HD7) -> 0 | HM7: =HL7+HE7 -> 0 | HN7: =IF(HM7=0,MAX(HN$2:HN6)+1,0) -> 5 | HO7: =B7 -> Belligerent | HP7: =IFERROR(VLOOKUP($A7,$HN$3:$HO$55,$CJ$2,FALSE)," ") -> Belligerent | HR7: =A7 -> 5 | HS7: =B7 -> Belligerent | HT7: =COUNTIF(Builder!$K$20:$N$20,HS7) -> 0 | HU7: =IF(HT7=1,Stats!$N22,"") | HV7: =IF(HT7=1,Stats!$O22,"") | HW7: =IF(HT7=1,Stats!$P22,"") | HX7: =IF(HT7=1,Stats!$Q22,"") | HY7: =IF(HT7=1,Stats!$R22,"") | HZ7: =IF(HT7=1,Stats!$S22,"") | IA7: =COUNTIF($HU$3:$HZ$55,HS7) -> 0 | IB7: =IA7+HT7 -> 0 | IC7: =IF(IB7=0,MAX(IC$2:IC6)+1,0) -> 5 | ID7: =B7 -> Belligerent | IE7: =IFERROR(VLOOKUP($A7,$IC$3:$ID$55,$CJ$2,FALSE)," ") -> Belligerent | IG7: =A7 -> 5 | IH7: =B7 -> Belligerent | II7: =COUNTIF(Builder!$K$21:$N$21,IH7) -> 0 | IJ7: =IF(II7=1,Stats!$N22,"") | IK7: =IF(II7=1,Stats!$O22,"") | IL7: =IF(II7=1,Stats!$P22,"") | IM7: =IF(II7=1,Stats!$Q22,"") | IN7: =IF(II7=1,Stats!$R22,"") | IO7: =IF(II7=1,Stats!$S22,"") | IP7: =COUNTIF($IJ$3:$IO$55,IH7) -> 0 | IQ7: =IP7+II7 -> 0 | IR7: =IF(IQ7=0,MAX(IR$2:IR6)+1,0) -> 5 | IS7: =B7 -> Belligerent | IT7: =IFERROR(VLOOKUP($A7,$IR$3:$IS$55,$CJ$2,FALSE)," ") -> Belligerent | IV7: =A7 -> 5 | IW7: =B7 -> Belligerent | IX7: =COUNTIF(Builder!$K$22:$N$22,IW7) -> 0 | IY7: =IF(IX7=1,Stats!$N22,"") | IZ7: =IF(IX7=1,Stats!$O22,"") | JA7: =IF(IX7=1,Stats!$P22,"") | JB7: =IF(IX7=1,Stats!$Q22,"") | JC7: =IF(IX7=1,Stats!$R22,"") | JD7: =IF(IX7=1,Stats!$S22,"") | JE7: =COUNTIF($IY$3:$JD$55,IW7) -> 0 | JF7: =JE7+IX7 -> 0 | JG7: =IF(JF7=0,MAX(JG$2:JG6)+1,0) -> 5 | JH7: =B7 -> Belligerent | JI7: =IFERROR(VLOOKUP($A7,$JG$3:$JH$55,$CJ$2,FALSE)," ") -> Belligerent | JK7: =A7 -> 5 | JL7: =B7 -> Belligerent | JM7: =COUNTIF(Builder!$K$23:$N$23,JL7) -> 0 | JN7: =IF(JM7=1,Stats!$N22,"") | JO7: =IF(JM7=1,Stats!$O22,"") | JP7: =IF(JM7=1,Stats!$P22,"") | JQ7: =IF(JM7=1,Stats!$Q22,"") | JR7: =IF(JM7=1,Stats!$R22,"") | JS7: =IF(JM7=1,Stats!$S22,"") | JT7: =COUNTIF($JN$3:$JS$55,JL7) -> 0 | JU7: =JT7+JM7 -> 0 | JV7: =IF(JU7=0,MAX(JV$2:JV6)+1,0) -> 5 | JW7: =B7 -> Belligerent | JX7: =IFERROR(VLOOKUP($A7,$JV$3:$JW$55,$CJ$2,FALSE)," ") -> Belligerent | JZ7: =A7 -> 5 | KA7: =B7 -> Belligerent | KB7: =COUNTIF(Builder!$K$24:$N$24,KA7) -> 0 | KC7: =IF(KB7=1,Stats!$N22,"") | KD7: =IF(KB7=1,Stats!$O22,"") | KE7: =IF(KB7=1,Stats!$P22,"") | KF7: =IF(KB7=1,Stats!$Q22,"") | KG7: =IF(KB7=1,Stats!$R22,"") | KH7: =IF(KB7=1,Stats!$S22,"") | KI7: =COUNTIF($KC$3:$KH$55,KA7) -> 0 | KJ7: =KI7+KB7 -> 0 | KK7: =IF(KJ7=0,MAX(KK$2:KK6)+1,0) -> 5 | KL7: =B7 -> Belligerent | KM7: =IFERROR(VLOOKUP($A7,$KK$3:$KL$55,$CJ$2,FALSE)," ") -> Belligerent | KO7: =A7 -> 5 | KP7: =B7 -> Belligerent | KQ7: =COUNTIF(Builder!$K$25:$N$25,KP7) -> 0 | KR7: =IF(KQ7=1,Stats!$N22,"") | KS7: =IF(KQ7=1,Stats!$O22,"") | KT7: =IF(KQ7=1,Stats!$P22,"") | KU7: =IF(KQ7=1,Stats!$Q22,"") | KV7: =IF(KQ7=1,Stats!$R22,"") | KW7: =IF(KQ7=1,Stats!$S22,"") | KX7: =COUNTIF($KR$3:$KW$55,KP7) -> 0 | KY7: =KX7+KQ7 -> 0 | KZ7: =IF(KY7=0,MAX(KZ$2:KZ6)+1,0) -> 5 | LA7: =B7 -> Belligerent | LB7: =IFERROR(VLOOKUP($A7,$KZ$3:$LA$55,$CJ$2,FALSE)," ") -> Belligerent | LD7: =A7 -> 5 | LE7: =B7 -> Belligerent | LF7: =COUNTIF(Builder!$K$26:$N$26,LE7) -> 0 | LG7: =IF(LF7=1,Stats!$N22,"") | LH7: =IF(LF7=1,Stats!$O22,"") | LI7: =IF(LF7=1,Stats!$P22,"") | LJ7: =IF(LF7=1,Stats!$Q22,"") | LK7: =IF(LF7=1,Stats!$R22,"") | LL7: =IF(LF7=1,Stats!$S22,"") | LM7: =COUNTIF($LG$3:$LL$55,LE7) -> 0 | LN7: =LM7+LF7 -> 0 | LO7: =IF(LN7=0,MAX(LO$2:LO6)+1,0) -> 5 | LP7: =B7 -> Belligerent | LQ7: =IFERROR(VLOOKUP($A7,$LO$3:$LP$55,$CJ$2,FALSE)," ") -> Belligerent | LS7: =A7 -> 5 | LT7: =B7 -> Belligerent | LU7: =COUNTIF(Builder!$K$27:$N$27,LT7) -> 0 | LV7: =IF(LU7=1,Stats!$N22,"") | LW7: =IF(LU7=1,Stats!$O22,"") | LX7: =IF(LU7=1,Stats!$P22,"") | LY7: =IF(LU7=1,Stats!$Q22,"") | LZ7: =IF(LU7=1,Stats!$R22,"") | MA7: =IF(LU7=1,Stats!$S22,"") | MB7: =COUNTIF($LV$3:$MA$55,LT7) -> 0 | MC7: =MB7+LU7 -> 0 | MD7: =IF(MC7=0,MAX(MD$2:MD6)+1,0) -> 5 | ME7: =B7 -> Belligerent | MF7: =IFERROR(VLOOKUP($A7,$MD$3:$ME$55,$CJ$2,FALSE)," ") -> Belligerent | MH7: =A7 -> 5 | MI7: =B7 -> Belligerent | MJ7: =COUNTIF(Builder!$K$28:$N$28,MI7) -> 0 | MK7: =IF(MJ7=1,Stats!$N22,"") | ML7: =IF(MJ7=1,Stats!$O22,"") | MM7: =IF(MJ7=1,Stats!$P22,"") | MN7: =IF(MJ7=1,Stats!$Q22,"") | MO7: =IF(MJ7=1,Stats!$R22,"") | MP7: =IF(MJ7=1,Stats!$S22,"") | MQ7: =COUNTIF($MK$3:$MP$55,MI7) -> 0 | MR7: =MQ7+MJ7 -> 0 | MS7: =IF(MR7=0,MAX(MS$2:MS6)+1,0) -> 5 | MT7: =B7 -> Belligerent | MU7: =IFERROR(VLOOKUP($A7,$MS$3:$MT$55,$CJ$2,FALSE)," ") -> Belligerent | MW7: =A7 -> 5 | MX7: =B7 -> Belligerent | MY7: =COUNTIF(Builder!$K$29:$N$29,MX7) -> 0 | MZ7: =IF(MY7=1,Stats!$N22,"") | NA7: =IF(MY7=1,Stats!$O22,"") | NB7: =IF(MY7=1,Stats!$P22,"") | NC7: =IF(MY7=1,Stats!$Q22,"") | ND7: =IF(MY7=1,Stats!$R22,"") | NE7: =IF(MY7=1,Stats!$S22,"") | NF7: =COUNTIF($MZ$3:$NE$55,MX7) -> 0 | NG7: =NF7+MY7 -> 0 | NH7: =IF(NG7=0,MAX(NH$2:NH6)+1,0) -> 5 | NI7: =B7 -> Belligerent | NJ7: =IFERROR(VLOOKUP($A7,$NH$3:$NI$55,$CJ$2,FALSE)," ") -> Belligerent
A8: 6 | B8: Berserk | C8: =COUNTIF(Builder!$K$5:$N$5,B8) -> 0 | D8: =IF(C8=1,Stats!$N23,"") | E8: =IF(C8=1,Stats!$O23,"") | F8: =IF(C8=1,Stats!$P23,"") | G8: =IF(C8=1,Stats!$Q23,"") | H8: =IF(C8=1,Stats!$R23,"") | I8: =IF(C8=1,Stats!$S23,"") | J8: =COUNTIF($D$3:$I$55,B8) -> 0 | K8: =J8+C8 -> 0 | L8: =IF(K8=0,MAX($L$2:L7)+1,0) -> 6 | M8: =B8 -> Berserk | N8: =IFERROR(VLOOKUP($A8,$L$3:$M$55,$M$2,FALSE)," ") -> Berserk | P8: =A8 -> 6 | Q8: =B8 -> Berserk | R8: =COUNTIF(Builder!$K$6:$N$6,Q8) -> 0 | S8: =IF(R8=1,Stats!$N23,"") | T8: =IF(R8=1,Stats!$O23,"") | U8: =IF(R8=1,Stats!$P23,"") | V8: =IF(R8=1,Stats!$Q23,"") | W8: =IF(R8=1,Stats!$R23,"") | X8: =IF(R8=1,Stats!$S23,"") | Y8: =COUNTIF($S$3:$X$55,Q8) -> 0 | Z8: =Y8+R8 -> 0 | AA8: =IF(Z8=0,MAX($AA$2:AA7)+1,0) -> 6 | AB8: =B8 -> Berserk | AC8: =IFERROR(VLOOKUP($A8,$AA$3:$AB$55,$AB$2,FALSE)," ") -> Berserk | AE8: =A8 -> 6 | AF8: =B8 -> Berserk | AG8: =COUNTIF(Builder!$K$7:$N$7,AF8) -> 0 | AH8: =IF(AG8=1,Stats!$N23,"") | AI8: =IF(AG8=1,Stats!$O23,"") | AJ8: =IF(AG8=1,Stats!$P23,"") | AK8: =IF(AG8=1,Stats!$Q23,"") | AL8: =IF(AG8=1,Stats!$R23,"") | AM8: =IF(AG8=1,Stats!$S23,"") | AN8: =COUNTIF($AH$3:$AM$55,AF8) -> 0 | AO8: =AN8+AG8 -> 0 | AP8: =IF(AO8=0,MAX($AP$2:AP7)+1,0) -> 6 | AQ8: =B8 -> Berserk | AR8: =IFERROR(VLOOKUP($A8,$AP$3:$AQ$55,$AQ$2,FALSE)," ") -> Berserk | AT8: =A8 -> 6 | AU8: =B8 -> Berserk | AV8: =COUNTIF(Builder!$K$8:$N$8,AU8) -> 0 | AW8: =IF(AV8=1,Stats!$N23,"") | AX8: =IF(AV8=1,Stats!$O23,"") | AY8: =IF(AV8=1,Stats!$P23,"") | AZ8: =IF(AV8=1,Stats!$Q23,"") | BA8: =IF(AV8=1,Stats!$R23,"") | BB8: =IF(AV8=1,Stats!$S23,"") | BC8: =COUNTIF($AV$3:$BB$55,AU8) -> 0 | BD8: =BC8+AV8 -> 0 | BE8: =IF(BD8=0,MAX($BE$2:BE7)+1,0) -> 6 | BF8: =B8 -> Berserk | BG8: =IFERROR(VLOOKUP($A8,$BE$3:$BF$55,$BF$2,FALSE)," ") -> Berserk | BI8: =A8 -> 6 | BJ8: =B8 -> Berserk | BK8: =COUNTIF(Builder!$K$9:$N$9,BJ8) -> 0 | BL8: =IF(BK8=1,Stats!$N23,"") | BM8: =IF(BK8=1,Stats!$O23,"") | BN8: =IF(BK8=1,Stats!$P23,"") | BO8: =IF(BK8=1,Stats!$Q23,"") | BP8: =IF(BK8=1,Stats!$R23,"") | BQ8: =IF(BK8=1,Stats!$S23,"") | BR8: =COUNTIF($BL$3:$BQ$55,BJ8) -> 0 | BS8: =BR8+BK8 -> 0 | BT8: =IF(BS8=0,MAX(BT$2:BT7)+1,0) -> 6 | BU8: =B8 -> Berserk | BV8: =IFERROR(VLOOKUP($A8,$BT$3:$BU$55,$BU$2,FALSE)," ") -> Berserk | BX8: =A8 -> 6 | BY8: =B8 -> Berserk | BZ8: =COUNTIF(Builder!$K$10:$N$10,BY8) -> 0 | CA8: =IF(BZ8=1,Stats!$N23,"") | CB8: =IF(BZ8=1,Stats!$O23,"") | CC8: =IF(BZ8=1,Stats!$P23,"") | CD8: =IF(BZ8=1,Stats!$Q23,"") | CE8: =IF(BZ8=1,Stats!$R23,"") | CF8: =IF(BZ8=1,Stats!$S23,"") | CG8: =COUNTIF($CA$3:$CF$55,BY8) -> 0 | CH8: =CG8+BZ8 -> 0 | CI8: =IF(CH8=0,MAX(CI$2:CI7)+1,0) -> 6 | CJ8: =B8 -> Berserk | CK8: =IFERROR(VLOOKUP($A8,$CI$3:$CJ$55,$CJ$2,FALSE)," ") -> Berserk | CM8: =A8 -> 6 | CN8: =B8 -> Berserk | CO8: =COUNTIF(Builder!$K$11:$N$11,CN8) -> 0 | CP8: =IF(CO8=1,Stats!$N23,"") | CQ8: =IF(CO8=1,Stats!$O23,"") | CR8: =IF(CO8=1,Stats!$P23,"") | CS8: =IF(CO8=1,Stats!$Q23,"") | CT8: =IF(CO8=1,Stats!$R23,"") | CU8: =IF(CO8=1,Stats!$S23,"") | CV8: =COUNTIF($CP$3:$CU$55,CN8) -> 0 | CW8: =CV8+CO8 -> 0 | CX8: =IF(CW8=0,MAX(CX$2:CX7)+1,0) -> 6 | CY8: =B8 -> Berserk | CZ8: =IFERROR(VLOOKUP($A8,$CX$3:$CY$55,$CJ$2,FALSE)," ") -> Berserk | DB8: =A8 -> 6 | DC8: =B8 -> Berserk | DD8: =COUNTIF(Builder!$K$12:$N$12,DC8) -> 0 | DE8: =IF(DD8=1,Stats!$N23,"") | DF8: =IF(DD8=1,Stats!$O23,"") | DG8: =IF(DD8=1,Stats!$P23,"") | DH8: =IF(DD8=1,Stats!$Q23,"") | DI8: =IF(DD8=1,Stats!$R23,"") | DJ8: =IF(DD8=1,Stats!$S23,"") | DK8: =COUNTIF($DE$3:$DJ$55,DC8) -> 0 | DL8: =DK8+DD8 -> 0 | DM8: =IF(DL8=0,MAX(DM$2:DM7)+1,0) -> 6 | DN8: =B8 -> Berserk | DO8: =IFERROR(VLOOKUP($A8,$DM$3:$DN$55,$CJ$2,FALSE)," ") -> Berserk | DQ8: =A8 -> 6 | DR8: =B8 -> Berserk | DS8: =COUNTIF(Builder!$K$13:$N$13,DR8) -> 0 | DT8: =IF(DS8=1,Stats!$N23,"") | DU8: =IF(DS8=1,Stats!$O23,"") | DV8: =IF(DS8=1,Stats!$P23,"") | DW8: =IF(DS8=1,Stats!$Q23,"") | DX8: =IF(DS8=1,Stats!$R23,"") | DY8: =IF(DS8=1,Stats!$S23,"") | DZ8: =COUNTIF($DT$3:$DY$55,DR8) -> 0 | EA8: =DZ8+DS8 -> 0 | EB8: =IF(EA8=0,MAX(EB$2:EB7)+1,0) -> 6 | EC8: =B8 -> Berserk | ED8: =IFERROR(VLOOKUP($A8,$EB$3:$EC$55,$CJ$2,FALSE)," ") -> Berserk | EF8: =A8 -> 6 | EG8: =B8 -> Berserk | EH8: =COUNTIF(Builder!$K$14:$N$14,EG8) -> 0 | EI8: =IF(EH8=1,Stats!$N23,"") | EJ8: =IF(EH8=1,Stats!$O23,"") | EK8: =IF(EH8=1,Stats!$P23,"") | EL8: =IF(EH8=1,Stats!$Q23,"") | EM8: =IF(EH8=1,Stats!$R23,"") | EN8: =IF(EH8=1,Stats!$S23,"") | EO8: =COUNTIF($EI$3:$EN$55,EG8) -> 0 | EP8: =EO8+EH8 -> 0 | EQ8: =IF(EP8=0,MAX(EQ$2:EQ7)+1,0) -> 6 | ER8: =B8 -> Berserk | ES8: =IFERROR(VLOOKUP($A8,$EQ$3:$ER$55,$CJ$2,FALSE)," ") -> Berserk | EU8: =A8 -> 6 | EV8: =B8 -> Berserk | EW8: =COUNTIF(Builder!$K$15:$N$15,EV8) -> 0 | EX8: =IF(EW8=1,Stats!$N23,"") | EY8: =IF(EW8=1,Stats!$O23,"") | EZ8: =IF(EW8=1,Stats!$P23,"") | FA8: =IF(EW8=1,Stats!$Q23,"") | FB8: =IF(EW8=1,Stats!$R23,"") | FC8: =IF(EW8=1,Stats!$S23,"") | FD8: =COUNTIF($EX$3:$FC$55,EV8) -> 0 | FE8: =FD8+EW8 -> 0 | FF8: =IF(FE8=0,MAX(FF$2:FF7)+1,0) -> 6 | FG8: =B8 -> Berserk | FH8: =IFERROR(VLOOKUP($A8,$FF$3:$FG$55,$CJ$2,FALSE)," ") -> Berserk | FJ8: =A8 -> 6 | FK8: =B8 -> Berserk | FL8: =COUNTIF(Builder!$K$16:$N$16,FK8) -> 0 | FM8: =IF(FL8=1,Stats!$N23,"") | FN8: =IF(FL8=1,Stats!$O23,"") | FO8: =IF(FL8=1,Stats!$P23,"") | FP8: =IF(FL8=1,Stats!$Q23,"") | FQ8: =IF(FL8=1,Stats!$R23,"") | FR8: =IF(FL8=1,Stats!$S23,"") | FS8: =COUNTIF($FM$3:$FR$55,FK8) -> 0 | FT8: =FS8+FL8 -> 0 | FU8: =IF(FT8=0,MAX(FU$2:FU7)+1,0) -> 6 | FV8: =B8 -> Berserk | FW8: =IFERROR(VLOOKUP($A8,$FU$3:$FV$55,$CJ$2,FALSE)," ") -> Berserk | FY8: =A8 -> 6 | FZ8: =B8 -> Berserk | GA8: =COUNTIF(Builder!$K$17:$N$17,FZ8) -> 0 | GB8: =IF(GA8=1,Stats!$N23,"") | GC8: =IF(GA8=1,Stats!$O23,"") | GD8: =IF(GA8=1,Stats!$P23,"") | GE8: =IF(GA8=1,Stats!$Q23,"") | GF8: =IF(GA8=1,Stats!$R23,"") | GG8: =IF(GA8=1,Stats!$S23,"") | GH8: =COUNTIF($GB$3:$GG$55,FZ8) -> 0 | GI8: =GH8+GA8 -> 0 | GJ8: =IF(GI8=0,MAX(GJ$2:GJ7)+1,0) -> 6 | GK8: =B8 -> Berserk | GL8: =IFERROR(VLOOKUP($A8,$GJ$3:$GK$55,$CJ$2,FALSE)," ") -> Berserk | GN8: =A8 -> 6 | GO8: =B8 -> Berserk | GP8: =COUNTIF(Builder!$K$18:$N$18,GO8) -> 0 | GQ8: =IF(GP8=1,Stats!$N23,"") | GR8: =IF(GP8=1,Stats!$O23,"") | GS8: =IF(GP8=1,Stats!$P23,"") | GT8: =IF(GP8=1,Stats!$Q23,"") | GU8: =IF(GP8=1,Stats!$R23,"") | GV8: =IF(GP8=1,Stats!$S23,"") | GW8: =COUNTIF($GQ$3:$GV$55,GO8) -> 0 | GX8: =GW8+GP8 -> 0 | GY8: =IF(GX8=0,MAX(GY$2:GY7)+1,0) -> 6 | GZ8: =B8 -> Berserk | HA8: =IFERROR(VLOOKUP($A8,$GY$3:$GZ$55,$CJ$2,FALSE)," ") -> Berserk | HC8: =A8 -> 6 | HD8: =B8 -> Berserk | HE8: =COUNTIF(Builder!$K$19:$N$19,HD8) -> 0 | HF8: =IF(HE8=1,Stats!$N23,"") | HG8: =IF(HE8=1,Stats!$O23,"") | HH8: =IF(HE8=1,Stats!$P23,"") | HI8: =IF(HE8=1,Stats!$Q23,"") | HJ8: =IF(HE8=1,Stats!$R23,"") | HK8: =IF(HE8=1,Stats!$S23,"") | HL8: =COUNTIF($HF$3:$HK$55,HD8) -> 0 | HM8: =HL8+HE8 -> 0 | HN8: =IF(HM8=0,MAX(HN$2:HN7)+1,0) -> 6 | HO8: =B8 -> Berserk | HP8: =IFERROR(VLOOKUP($A8,$HN$3:$HO$55,$CJ$2,FALSE)," ") -> Berserk | HR8: =A8 -> 6 | HS8: =B8 -> Berserk | HT8: =COUNTIF(Builder!$K$20:$N$20,HS8) -> 0 | HU8: =IF(HT8=1,Stats!$N23,"") | HV8: =IF(HT8=1,Stats!$O23,"") | HW8: =IF(HT8=1,Stats!$P23,"") | HX8: =IF(HT8=1,Stats!$Q23,"") | HY8: =IF(HT8=1,Stats!$R23,"") | HZ8: =IF(HT8=1,Stats!$S23,"") | IA8: =COUNTIF($HU$3:$HZ$55,HS8) -> 0 | IB8: =IA8+HT8 -> 0 | IC8: =IF(IB8=0,MAX(IC$2:IC7)+1,0) -> 6 | ID8: =B8 -> Berserk | IE8: =IFERROR(VLOOKUP($A8,$IC$3:$ID$55,$CJ$2,FALSE)," ") -> Berserk | IG8: =A8 -> 6 | IH8: =B8 -> Berserk | II8: =COUNTIF(Builder!$K$21:$N$21,IH8) -> 0 | IJ8: =IF(II8=1,Stats!$N23,"") | IK8: =IF(II8=1,Stats!$O23,"") | IL8: =IF(II8=1,Stats!$P23,"") | IM8: =IF(II8=1,Stats!$Q23,"") | IN8: =IF(II8=1,Stats!$R23,"") | IO8: =IF(II8=1,Stats!$S23,"") | IP8: =COUNTIF($IJ$3:$IO$55,IH8) -> 0 | IQ8: =IP8+II8 -> 0 | IR8: =IF(IQ8=0,MAX(IR$2:IR7)+1,0) -> 6 | IS8: =B8 -> Berserk | IT8: =IFERROR(VLOOKUP($A8,$IR$3:$IS$55,$CJ$2,FALSE)," ") -> Berserk | IV8: =A8 -> 6 | IW8: =B8 -> Berserk | IX8: =COUNTIF(Builder!$K$22:$N$22,IW8) -> 0 | IY8: =IF(IX8=1,Stats!$N23,"") | IZ8: =IF(IX8=1,Stats!$O23,"") | JA8: =IF(IX8=1,Stats!$P23,"") | JB8: =IF(IX8=1,Stats!$Q23,"") | JC8: =IF(IX8=1,Stats!$R23,"") | JD8: =IF(IX8=1,Stats!$S23,"") | JE8: =COUNTIF($IY$3:$JD$55,IW8) -> 0 | JF8: =JE8+IX8 -> 0 | JG8: =IF(JF8=0,MAX(JG$2:JG7)+1,0) -> 6 | JH8: =B8 -> Berserk | JI8: =IFERROR(VLOOKUP($A8,$JG$3:$JH$55,$CJ$2,FALSE)," ") -> Berserk | JK8: =A8 -> 6 | JL8: =B8 -> Berserk | JM8: =COUNTIF(Builder!$K$23:$N$23,JL8) -> 0 | JN8: =IF(JM8=1,Stats!$N23,"") | JO8: =IF(JM8=1,Stats!$O23,"") | JP8: =IF(JM8=1,Stats!$P23,"") | JQ8: =IF(JM8=1,Stats!$Q23,"") | JR8: =IF(JM8=1,Stats!$R23,"") | JS8: =IF(JM8=1,Stats!$S23,"") | JT8: =COUNTIF($JN$3:$JS$55,JL8) -> 0 | JU8: =JT8+JM8 -> 0 | JV8: =IF(JU8=0,MAX(JV$2:JV7)+1,0) -> 6 | JW8: =B8 -> Berserk | JX8: =IFERROR(VLOOKUP($A8,$JV$3:$JW$55,$CJ$2,FALSE)," ") -> Berserk | JZ8: =A8 -> 6 | KA8: =B8 -> Berserk | KB8: =COUNTIF(Builder!$K$24:$N$24,KA8) -> 0 | KC8: =IF(KB8=1,Stats!$N23,"") | KD8: =IF(KB8=1,Stats!$O23,"") | KE8: =IF(KB8=1,Stats!$P23,"") | KF8: =IF(KB8=1,Stats!$Q23,"") | KG8: =IF(KB8=1,Stats!$R23,"") | KH8: =IF(KB8=1,Stats!$S23,"") | KI8: =COUNTIF($KC$3:$KH$55,KA8) -> 0 | KJ8: =KI8+KB8 -> 0 | KK8: =IF(KJ8=0,MAX(KK$2:KK7)+1,0) -> 6 | KL8: =B8 -> Berserk | KM8: =IFERROR(VLOOKUP($A8,$KK$3:$KL$55,$CJ$2,FALSE)," ") -> Berserk | KO8: =A8 -> 6 | KP8: =B8 -> Berserk | KQ8: =COUNTIF(Builder!$K$25:$N$25,KP8) -> 0 | KR8: =IF(KQ8=1,Stats!$N23,"") | KS8: =IF(KQ8=1,Stats!$O23,"") | KT8: =IF(KQ8=1,Stats!$P23,"") | KU8: =IF(KQ8=1,Stats!$Q23,"") | KV8: =IF(KQ8=1,Stats!$R23,"") | KW8: =IF(KQ8=1,Stats!$S23,"") | KX8: =COUNTIF($KR$3:$KW$55,KP8) -> 0 | KY8: =KX8+KQ8 -> 0 | KZ8: =IF(KY8=0,MAX(KZ$2:KZ7)+1,0) -> 6 | LA8: =B8 -> Berserk | LB8: =IFERROR(VLOOKUP($A8,$KZ$3:$LA$55,$CJ$2,FALSE)," ") -> Berserk | LD8: =A8 -> 6 | LE8: =B8 -> Berserk | LF8: =COUNTIF(Builder!$K$26:$N$26,LE8) -> 0 | LG8: =IF(LF8=1,Stats!$N23,"") | LH8: =IF(LF8=1,Stats!$O23,"") | LI8: =IF(LF8=1,Stats!$P23,"") | LJ8: =IF(LF8=1,Stats!$Q23,"") | LK8: =IF(LF8=1,Stats!$R23,"") | LL8: =IF(LF8=1,Stats!$S23,"") | LM8: =COUNTIF($LG$3:$LL$55,LE8) -> 0 | LN8: =LM8+LF8 -> 0 | LO8: =IF(LN8=0,MAX(LO$2:LO7)+1,0) -> 6 | LP8: =B8 -> Berserk | LQ8: =IFERROR(VLOOKUP($A8,$LO$3:$LP$55,$CJ$2,FALSE)," ") -> Berserk | LS8: =A8 -> 6 | LT8: =B8 -> Berserk | LU8: =COUNTIF(Builder!$K$27:$N$27,LT8) -> 0 | LV8: =IF(LU8=1,Stats!$N23,"") | LW8: =IF(LU8=1,Stats!$O23,"") | LX8: =IF(LU8=1,Stats!$P23,"") | LY8: =IF(LU8=1,Stats!$Q23,"") | LZ8: =IF(LU8=1,Stats!$R23,"") | MA8: =IF(LU8=1,Stats!$S23,"") | MB8: =COUNTIF($LV$3:$MA$55,LT8) -> 0 | MC8: =MB8+LU8 -> 0 | MD8: =IF(MC8=0,MAX(MD$2:MD7)+1,0) -> 6 | ME8: =B8 -> Berserk | MF8: =IFERROR(VLOOKUP($A8,$MD$3:$ME$55,$CJ$2,FALSE)," ") -> Berserk | MH8: =A8 -> 6 | MI8: =B8 -> Berserk | MJ8: =COUNTIF(Builder!$K$28:$N$28,MI8) -> 0 | MK8: =IF(MJ8=1,Stats!$N23,"") | ML8: =IF(MJ8=1,Stats!$O23,"") | MM8: =IF(MJ8=1,Stats!$P23,"") | MN8: =IF(MJ8=1,Stats!$Q23,"") | MO8: =IF(MJ8=1,Stats!$R23,"") | MP8: =IF(MJ8=1,Stats!$S23,"") | MQ8: =COUNTIF($MK$3:$MP$55,MI8) -> 0 | MR8: =MQ8+MJ8 -> 0 | MS8: =IF(MR8=0,MAX(MS$2:MS7)+1,0) -> 6 | MT8: =B8 -> Berserk | MU8: =IFERROR(VLOOKUP($A8,$MS$3:$MT$55,$CJ$2,FALSE)," ") -> Berserk | MW8: =A8 -> 6 | MX8: =B8 -> Berserk | MY8: =COUNTIF(Builder!$K$29:$N$29,MX8) -> 0 | MZ8: =IF(MY8=1,Stats!$N23,"") | NA8: =IF(MY8=1,Stats!$O23,"") | NB8: =IF(MY8=1,Stats!$P23,"") | NC8: =IF(MY8=1,Stats!$Q23,"") | ND8: =IF(MY8=1,Stats!$R23,"") | NE8: =IF(MY8=1,Stats!$S23,"") | NF8: =COUNTIF($MZ$3:$NE$55,MX8) -> 0 | NG8: =NF8+MY8 -> 0 | NH8: =IF(NG8=0,MAX(NH$2:NH7)+1,0) -> 6 | NI8: =B8 -> Berserk | NJ8: =IFERROR(VLOOKUP($A8,$NH$3:$NI$55,$CJ$2,FALSE)," ") -> Berserk
